School Name,Website
University of Alaska,http://www.alaska.edu
Alaska Christian College,http://www.alaskacc.edu
National Park Community College,http://www.npcc.edu
University of Alaska Fairbanks,http://www.uaf.edu
University of Arkansas - Fort Smith,http://www.uafs.edu
Alabama A&M University,http://www.aamu.edu
Athens State University,http://www.athens.edu
Auburn University,http://www.auburn.edu
Auburn University at Montgomery,http://www.aum.edu
Birmingham-Southern College,http://www.bsc.edu
Calhoun Community College,http://www.calhoun.edu
Enterprise State Community College,http://www.escc.edu
Faulkner State Community College,http://www.faulknerstate.edu
Gadsden State Community College,http://www.gadsdenstate.edu
Huntingdon College,http://www.huntingdon.edu
Jacksonville State University,http://www.jsu.edu
Lurleen B. Wallace Community College,http://www.lbwcc.edu
University of Montevallo,http://www.montevallo.edu
Northeast Alabama Community College,http://www.nacc.edu
Northwest-Shoals Community College,http://www.nwscc.edu
Oakwood University,http://www.oakwood.edu
Samford University,http://www.samford.edu
Southeastern Bible College,http://www.sebc.edu
University of South Alabama,http://www.southalabama.edu
Trenholm State Technical College,http://www.trenholmstate.edu
Troy University,http://www.troy.edu
Tuskegee University,http://www.tuskegee.edu
University of Alabama,http://www.ua.edu
University of Alabama at Birmingham,http://www.uab.edu
University of Alabama in Huntsville,http://www.uah.edu
University of North Alabama,http://www.una.edu
Snead State Community College,http://www.snead.edu
Arkansas Northeastern College,http://www.anc.edu
Arkansas State University,http://www.astate.edu
Arkansas Tech University,http://www.atu.edu
Central Baptist College,http://www.cbc.edu
Harding University,http://www.harding.edu
Hendrix College,http://www.hendrix.edu
Henderson State University,http://www.hsu.edu
John Brown University,http://www.jbu.edu
Lyon College,http://www.lyon.edu
Mid-South Community College,http://www.midsouthcc.edu
North Arkansas College,http://www.northark.edu
Northwest Arkansas Community College,http://www.nwacc.edu
Northwest Technical Institute,http://www.nwti.edu
Ouachita Baptist University,http://www.obu.edu
University of the Ozarks,http://www.ozarks.edu
Phillips Community College U of A,http://www.pccua.edu
Pulaski Technical College,http://www.pulaskitech.edu
Southern Arkansas University Magnolia,http://www.saumag.edu
Southeast Arkansas College,http://www.seark.edu
University of Arkansas Community College Batesville,http://www.uaccb.edu
University of Arkansas at Little Rock,http://www.ualr.edu
University of Arkansas for Medical Sciences,http://www.uams.edu
University of Arkansas at Pine Bluff,http://www.uapb.edu
University of Arkansas,http://www.uark.edu
University of Central Arkansas,http://www.uca.edu
Williams Baptist College,http://www.wbcoll.edu
University of Arizona,http://www.arizona.edu
Arizona State University,http://www.asu.edu
Arizona Western College,http://www.azwestern.edu
Bryan University,http://www.bryanuniversity.edu
Central Arizona College,http://www.centralaz.edu
Glendale Community College,http://www.gccaz.edu
Grand Canyon University,http://www.gcu.edu
Maricopa Community Colleges,http://www.maricopa.edu
Mesa Community College,http://www.mesacc.edu
Northern Arizona University,http://www.nau.edu
Northland Pioneer College,http://www.npc.edu
University of Phoenix,http://www.phoenix.edu
Phoenix College,http://www.phoenixcollege.edu
Pima Community College,http://www.pima.edu
Prescott College,http://www.prescott.edu
Rio Salado College,http://www.riosalado.edu
South Mountain Community College,http://www.southmountaincc.edu
University of Advancing Technology,http://www.uat.edu
Yavapai College,http://www.yc.edu
Academy of Arts University,http://www.academyart.edu
Adance Computing Institute,http://www.advancedcomputinginstitute.edu
Acupuncture & Integrative Medicine College,http://www.aimc.edu
Alliant International University,http://www.alliant.edu
Allied American University,http://www.allied.edu
Anaheim University,http://www.anaheim.edu
Angeles College,http://www.angelescollege.edu
Antioch University Los Angeles,http://www.antiochla.edu
Argosy University,http://www.argosy.edu
Art Center College of Design,http://www.artcenter.edu
The Art Institute,http://www.artinstitutes.edu
Ashford University,http://www.ashford.edu
ATI College,http://www.ati.edu
Antelope Valley College,http://www.avc.edu
Bakersfield College,http://www.bakersfieldcollege.edu
Barstow Community College,http://www.barstow.edu
Berkeley University of California,http://www.berkeley.edu
Berkeley City College,http://www.berkeleycitycollege.edu
Brandman University,http://www.brandman.edu
Butte College,http://www.butte.edu
Cabrillo College,http://www.cabrillo.edu
California Institute of the Arts,http://www.calarts.edu
California Baptist University,http://www.calbaptist.edu
California Lutheran University,http://www.callutheran.edu
California Miramar University,http://www.calmu.edu
California Polytechnic State University,http://www.calpoly.edu
California State University,http://www.calstate.edu
California Institute of Technology,http://www.caltech.edu
Canada College,http://www.canadacollege.edu
College of the Canyons,http://www.canyons.edu
California College of the Arts,http://www.cca.edu
California Community Colleges Chanellor's Office,http://www.cccco.edu
City College of San Francisco,http://www.ccsf.edu
Cerritos College,http://www.cerritos.edu
Cerro Coso Community College,http://www.cerrocoso.edu
Claremont Graduate University,http://www.cgu.edu
Chaffey College,http://www.chaffey.edu
Chapman University,http://www.chapman.edu
California Institute of Integral Studies,http://www.ciis.edu
Citrus College,http://www.citruscollege.edu
The Claremont Colleges,http://www.claremont.edu
Claremont McKenna College,http://www.cmc.edu
Copper Mountain College,http://www.cmccd.edu
Cogswell Polytechnical College,http://www.cogswell.edu
College of San Mateo,http://www.collegeofsanmateo.edu
College of the Desert,http://www.collegeofthedesert.edu
El Camino College Compton Center,http://www.compton.edu
Contra Costa College,http://www.contracosta.edu
College of the Sequoias,http://www.cos.edu
Crafton Hills College,http://www.craftonhills.edu
California State University Bakersfield,http://www.csub.edu
California State University Channel Islands,http://www.csuci.edu
California State University Dominguez Hills,http://www.csudh.edu
California State University East Bay,http://www.csueastbay.edu
Fresno State,http://www.fresnostate.edu
California State University Long Beach,http://www.csulb.edu
California State University Monterey Bay,http://www.csumb.edu
California State University Northridge,http://www.csun.edu
California State Polytechnic University Pomona,http://www.csupomona.edu
California State University Sacramento,http://www.csus.edu
California State University San Bernardino,http://www.csusb.edu
California State University San Marcos,http://www.csusm.edu
California State University Stanislaus,http://www.csustan.edu
Cuesta College,http://www.cuesta.edu
Cuyamaca College,http://www.cuyamaca.edu
California Western School of Law San Diego,http://www.cwsl.edu
Cypress College,http://www.cypresscollege.edu
DeAnza College,http://www.deanza.edu
San Joaquin Delta College,http://www.deltacollege.edu
Dominican University of California,http://www.dominican.edu
Dominican School of Philosophy and Theology,http://www.dspt.edu
Diablo Valley College,http://www.dvc.edu
East Los Angeles College,http://www.elac.edu
El Camino College,http://www.elcamino.edu
Ex'pression College,http://www.expression.edu
Foothill-De Anza Community College District,http://www.fhda.edu
Fashion Institute of Design & Merchandising,http://www.fidm.edu
Fielding Graduate University,http://www.fielding.edu
Foothill College,http://www.foothill.edu
Fresno Pacific University,http://www.fresno.edu
Fresno City College,http://www.fresnocitycollege.edu
Frederick Taylor University,http://www.ftu.edu
Fullerton College,http://www.fullcoll.edu
Fuller Theological Seminary,http://www.fuller.edu
California State University Fullerton,http://www.fullerton.edu
Gavilan College,http://www.gavilan.edu
Golden Gate Baptist Theological Seminary,http://www.ggbts.edu
Glendale Community College,http://www.glendale.edu
Gnomon School of Visual Effects,http://www.gnomon.edu
Columbia College,http://www.gocolumbia.edu
Golden West College,http://www.goldenwestcollege.edu
Grossmont College,http://www.grossmont.edu
Allan Hancock College,http://www.hancockcollege.edu
Hartnell College,http://www.hartnell.edu
Henley-Putnam University,http://www.henley-putnam.edu
Harvey Mudd College,http://www.hmc.edu
Holy Names University,http://www.hnu.edu
Humboldt State University,http://www.humboldt.edu
Humphreys College,http://www.humphreys.edu
Imperial Valley College,http://www.imperial.edu
International Sports Sciences Association,http://www.issaonline.edu
International Technological University,http://www.itu.edu
Irvine Valley College,http://www.ivc.edu
William Jessup University,http://www.jessup.edu
John F. Kennedy University,http://www.jfku.edu
Keck Graduate Institute,http://www.kgi.edu
Mount Saint Mary's College,http://www.la.edu
Los Angeles Community College District,http://www.laccd.edu
Los Angeles City College,http://www.lacitycollege.edu
Los Angeles Harbor College,http://www.lahc.edu
Los Angeles Mission College,http://www.lamission.edu
Laney College,http://www.laney.edu
Los Angeles Southwest College,http://www.lasc.edu
La Sierra University,http://www.lasierra.edu
Las Positas College,http://www.laspositascollege.edu
Los Angeles Trade-Tech Community College,http://www.lattc.edu
Laurus College,http://www.lauruscollege.edu
Los Angeles Valley College,http://www.lavc.edu
University of La Verne,http://www.laverne.edu
UCLA School of Law,http://www.ucla.edu
Long Beach City College,http://www.lbcc.edu
Life Chiropractic College West,http://www.lifewest.edu
Loma Linda University,http://www.llu.edu
Loyola Marymount University,http://www.lmu.edu
Los Medanos College,http://www.losmedanos.edu
Los Rios Community College District,http://www.losrios.edu
Lake Tahoe Community College,http://www.ltcc.edu
College of Marin,http://www.marin.edu
Marymount California University,http://www.marymountcalifornia.edu
The Master's College,http://www.masters.edu
Merced Community College,http://www.mccd.edu
Mills College,http://www.mills.edu
MiraCosta College,http://www.miracosta.edu
Modesto Junior College,http://www.mjc.edu
Mount San Jacinto College,http://www.msjc.edu
Mount San Antonio College,http://www.mtsac.edu
Napa Valley College,http://www.napavalley.edu
Notre Dame de Namur University,http://www.ndnu.edu
NewSchool of Architecture and Design,http://www.newschoolarch.edu
Norco College,http://www.norcocollege.edu
Naval Postgraduate School,http://www.nps.edu
Ohlone College,http://www.ohlone.edu
Orange Coast College,http://www.orangecoastcollege.edu
Otis College of Art and Design,http://www.otis.edu
Occidental College,http://www.oxy.edu
University of the Pacific,http://www.pacific.edu
Pacific College of Oriental Medicine,http://www.pacificcollege.edu
Palomar College,http://www.palomar.edu
Pasadena City College,http://www.pasadena.edu
Pepperdine University,http://www.pepperdine.edu
Peralta Community College District,http://www.peralta.edu
Pierce College,http://www.piercecollege.edu
Pitzer College,http://www.pitzer.edu
Pacific Lutheran Theological Seminary,http://www.plts.edu
Point Loma Nazarene University,http://www.pointloma.edu
Pomona College,http://www.pomona.edu
Porterville College,http://www.portervillecollege.edu
Pacific School of Religion,http://www.psr.edu
Riverside City College,http://www.rcc.edu
Riverside Community College District,http://www.rccd.edu
University of Redlands,http://www.redlands.edu
College of the Redwoods,http://www.redwoods.edu
Rio Hondo College,http://www.riohondo.edu
Rosemead College,http://www.rosemeadcollege.edu
Santa Ana College,http://www.sac.edu
Saddleback College,http://www.saddleback.edu
University of San Diego,http://www.sandiego.edu
Santa Rosa Junior College,http://www.santarosa.edu
Santa Barbara City College,http://www.sbcc.edu
School of Continuing Education,http://www.sce.edu
Scripps College,http://www.scrippscollege.edu
Santa Clara University,http://www.scu.edu
Southern California University of Health Sciences,http://www.scuhs.edu
San Diego City College,http://www.sdcity.edu
San Diego Mesa College,http://www.sdmesa.edu
San Diego State University,http://www.sdsu.edu
San Francisco State University,http://www.sfsu.edu
Shasta College,http://www.shastacollege.edu
The Institute of Buddhist Studies,http://www.shin-ibs.edu
Sierra College,http://www.sierracollege.edu
Simpson University,http://www.simpsonu.edu
College of the Siskiyous,http://www.siskiyous.edu
San Jose State University,http://www.sjsu.edu
Starr King School for the Ministry,http://www.sksm.edu
Skyline College,http://www.skylinecollege.edu
Santa Monica College,http://www.smc.edu
San Mateo County Community College,http://www.smccd.edu
Soka University of America,http://www.soka.edu
Solano Community College,http://www.solano.edu
Sonoma State University,http://www.sonoma.edu
Stanford University,http://www.stanford.edu
Saint Mary's College,http://www.stmarys-ca.edu
Taft College,http://www.taftcollege.edu
Touro University California,http://www.tu.edu
University of California Davis,http://www.ucdavis.edu
University of California Hastings College of the Law,http://www.uchastings.edu
University of California Irvine,http://www.uci.edu
University of California Los Angeles,http://www.ucla.edu
University of California Los Angeles Extension,http://www.uclaextension.edu
University of California Merced,http://www.ucmerced.edu
University of California,http://www.ucop.edu
University of California Press,http://www.ucpress.edu
University of California Riverside,http://www.ucr.edu
University of California Santa Barbara,http://www.ucsb.edu
University of California Santa Cruz,http://www.ucsc.edu
University of California Santa Cruz Silicon Valley Extension,http://www.ucsc-extension.edu
University of California San Diego,http://www.ucsd.edu
University of California San Francisco,http://www.ucsf.edu
University of California,http://www.universityofcalifornia.edu
University of the Pacific,http://www.uop.edu
University of Southern California,http://www.usc.edu
University of San Francisco,http://www.usfca.edu
San Bernardino Valley College,http://www.valleycollege.edu
Ventura College,http://www.venturacollege.edu
Victor Valley College,http://www.vvc.edu
West Coast Baptist College,http://www.wcbc.edu
Western University of Health Sciences,http://www.westernu.edu
Westmont College,http://www.westmont.edu
West Valley College,http://www.westvalley.edu
West Hills Community College District,http://www.whccd.edu
Whittier College,http://www.whittier.edu
West Los Angeles College,http://www.wlac.edu
Yuba Community College District,http://www.yccd.edu
Yosemite Community College District,http://www.yosemite.edu
Unitek College,http://www.unitekcollege.edu
Vanguard University,http://www.vanguard.edu
Southwestern College,http://www.swcc.edu
Monterey Institute of International Studies,http://www.miis.edu
Adams State University,http://www.adams.edu
Auraria Higher Education Center,http://www.ahec.edu
Aims Community College,http://www.aims.edu
Arapahoe Community College,http://www.arapahoe.edu
Community College of Aurora,http://www.ccaurora.edu
Community College of Denver,http://www.ccd.edu
Colorado Heights University,http://www.chu.edu
University of Colorado Boulder,http://www.colorado.edu
Colorado College,http://www.coloradocollege.edu
Colorado Mesa University,http://www.coloradomesa.edu
Colorado State University,http://www.colostate.edu
Colorado State University-Pueblo,http://www.colostate-pueblo.edu
University of Denver,http://www.du.edu
Fort Lewis College,http://www.fortlewis.edu
Front Range Community College,http://www.frontrange.edu
Jones International University,http://www.jiu.edu
Colorado School of Mines,http://www.mines.edu
Metropolitan State University of Denver,http://www.msudenver.edu
Naropa University,http://www.naropa.edu
Pikes Peak Community College,http://www.ppcc.edu
Pueblo Community College,http://www.pueblocc.edu
Redstone College,http://www.redstone.edu
Regis University,http://www.regis.edu
University of the Rockies,http://www.rockies.edu
Red Rocks Community College,http://www.rrcc.edu
William Howard Taft University,http://www.taft.edu
University Corporation for Atmospheric Research,http://www.ucar.edu
University of Colorado Colorado Springs,http://www.uccs.edu
University of Colorado Denver,http://www.ucdenver.edu
University of Northern Colorado,http://www.unco.edu
University of Colorado,http://www.cu.edu
Western State Colorado University,http://www.western.edu
Albertus Magnus College,http://www.albertus.edu
Asnuntuck Community College,http://www.asnuntuck.edu
Connecticut College,http://www.conncoll.edu
Eastern Connecticut State University,http://www.easternct.edu
Fairfield University,http://www.fairfield.edu
Goodwin College,http://www.goodwin.edu
University of Hartford,http://www.hartford.edu
Hartford Seminary,http://www.hartsem.edu
University of New Haven,http://www.newhaven.edu
Queens University of Charlotte,http://www.quinnipiac.edu
Quinebaug Valley Community College,http://www.qvcc.edu
Sacred Heart University,http://www.sacredheart.edu
Southern Connecticut State University,http://www.southernct.edu
Three Rivers Community College,http://www.threerivers.edu
Trinity College,http://www.trincoll.edu
Tunxis Community College,http://www.tunxis.edu
University of Connecticut Health Center,http://www.uchc.edu
University of Connecticut,http://www.uconn.edu
University of Saint Joseph Connecticut,http://www.usj.edu
Western Connecticut State University,http://www.wcsu.edu
Wesleyan University,http://www.wesleyan.edu
Yale University,http://www.yale.edu
American University,http://www.american.edu
Carnegie Institution for Science,http://www.carnegiescience.edu
The Catholic University of America,http://www.cua.edu
Gallaudet University,http://www.gallaudet.edu
Georgetown University,http://www.georgetown.edu
The George Washington University,http://www.gwu.edu
Howard University,http://www.howard.edu
Johns Hopkins School of Advanced International Studies,http://www.sais-jhu.edu
University of California Washington Center,http://www.ucdc.edu
University of the District of Columbia,http://www.udc.edu
Delaware State University,http://www.desu.edu
Delaware Technical Community College,http://www.dtcc.edu
Goldey-Beacom College,http://www.gbc.edu
University of Delaware,http://www.udel.edu
Wesley College,http://www.wesley.edu
Wilmington University,http://www.wilmu.edu
Carlos Albizu University,http://www.albizu.edu
Acupuncture Massage College,http://www.amcollege.edu
Atlantic Institute of Oriental Medicine,http://www.atom.edu
Barry University,http://www.barry.edu
Broward College,http://www.broward.edu
College of Central Florida,http://www.cf.edu
Chipola College,http://www.chipola.edu
Bethune-Cookman University,http://www.cookman.edu
Dade Medical College,http://www.dadmedical.edu
Daytona State College,http://www.daytonastate.edu
Eckerd College,http://www.eckerd.edu
Edison State College,http://www.edison.edu
Embry-Riddle Aeronautical University,http://www.erau.edu
Everglades University,http://www.evergladesuniversity.edu
Florida Atlantic University,http://www.fau.edu
Florida Gulf Coast University,http://www.fgcu.edu
Florida Institute of Technology,http://www.fit.edu
Florida International University,http://www.fiu.edu
Flagler College,http://www.flagler.edu
Florida Southern College,http://www.flsouthern.edu
Florida National University,http://www.fnu.edu
Florida State College at Jacksonville,http://www.fscj.edu
Florida State University,http://www.fsu.edu
Gulf Coast State College,http://www.gulfcoast.edu
Hillsborough Community College,http://www.hccfl.edu
Jacksonville University,http://www.ju.edu
Keiser University,http://www.keiseruniversity.edu
Loraines Academy Incorporated,http://www.lorainesacademy.edu
Lake Sumter State College,http://www.lssc.edu
Lynn University,http://www.lynn.edu
Millennia Atlantic University,http://www.maufl.edu
Miami Dade College,http://www.mdc.edu
University of Miami,http://www.miami.edu
Miami International University of Art and Design,http://www.mymiu.edu
New College of Florida,http://www.ncf.edu
North Florida Community College,http://www.nfcc.edu
Nova Southeastern University,http://www.nova.edu
National University of Health Sciences,http://www.nuhs.edu
Northwest Florida State College,http://www.nwfsc.edu
Palm Beach State College,http://www.palmbeachstate.edu
Palm Beach Atlantic University,http://www.pba.edu
Pensacola State College,http://www.pensacolastate.edu
Pasco-Hernando State College,http://www.phsc.edu
Ringling College of Art and Design,http://www.ringling.edu
Rollins College,http://www.rollins.edu
Saint Leo University,http://www.saintleo.edu
State College of Florida,http://www.scf.edu
Seminole State College of Florida,http://www.seminolestate.edu
Santa Fe College,http://www.sfcollege.edu
South Florida State College,http://www.southflorida.edu
Space Coast Health Institute,http://www.spacecoast.edu
Saint Petersburg College,http://www.spcollege.edu
Stetson University,http://www.stetson.edu
Saint Thomas University,http://www.stu.edu
Saint Vincent de Paul Regional Seminary,http://www.svdp.edu
Traviss Career Center,http://www.traviss.edu
University of Central Florida,http://www.ucf.edu
University of Florida,http://www.ufl.edu
University of North Florida,http://www.unf.edu
University of South Florida,http://www.usf.edu
University of South Florida Sarasota-Manatee,http://www.usfsm.edu
University of South Florida Saint Petersburg,http://www.usfsp.edu
University of Tampa,http://www.ut.edu
University of West Florida,http://www.uwf.edu
Valencia College,http://www.valenciacollege.edu
Warner University,http://www.warner.edu
Webber International University,http://www.webber.edu
Agnes Scott College,http://www.agnesscott.edu
Albany Technical College,http://www.albanytech.edu
Armstrong Atlantic State University,http://www.armstrong.edu
Atlanta Technical College,http://www.atlantatech.edu
Atlanta Metropolitan State College,http://www.atlm.edu
Berry College,http://www.berry.edu
Carver College,http://www.carver.edu
Child Care Education Institute,http://www.cceionline.edu
Central Georgia Technical College,http://www.centralgatech.edu
Clayton State University,http://www.clayton.edu
Columbus State University,http://www.columbusstate.edu
Columbus Technical College,http://www.columbustech.edu
Covenant College,http://www.covenant.edu
Dalton State,http://www.daltonstate.edu
Darton State College,http://www.darton.edu
East Georgia State College,http://www.ega.edu
Emory University,http://www.emory.edu
Georgia Institute of Technology,http://www.gatech.edu
Georgia College,http://www.gcsu.edu
Georgia Southern University,http://www.georgiasouthern.edu
Georgia Gwinnett College,http://www.ggc.edu
Georgia Perimeter College,http://www.gpc.edu
Georgia Regents University Augusta,http://www.gru.edu
Georgia State University,http://www.gsu.edu
Georgia South Western State University,http://www.gsw.edu
Interactive College of Technology,http://www.ict.edu
Atlanta's John Marshall Law School,http://www.johnmarshall.edu
Kennesaw State University,http://www.kennesaw.edu
Lanier Technical College,http://www.laniertech.edu
Life University,http://www.life.edu
Mercer University,http://www.mercer.edu
Middle Georgia State College,http://www.mga.edu
Morehouse College,http://www.morehouse.edu
Morehouse School of Medicine,http://www.msm.edu
North Georgia Technical College,http://www.northgatech.edu
Oglethorpe University,http://www.oglethorpe.edu
Okefenokee Technical College,http://www.okefenokeetech.edu
Paine College,http://www.paine.edu
Pfeiffer University,http://www.pfeiffer.edu
Piedmont College,http://www.piedmont.edu
Reinhardt University,http://www.reinhardt.edu
Savannah State University,http://www.savannahstate.edu
Savannah College of Art and Design,http://www.scad.edu
Shorter University,http://www.shorter.edu
Southeastern Technical College,http://www.southeasterntech.edu
Spelman College,http://www.spelman.edu
Southern Polytechnic State University,http://www.spsu.edu
Thomas University,http://www.thomasu.edu
University of Georgia,http://www.uga.edu
University of North Georgia,http://www.ung.edu
University System of Georgia,http://www.usg.edu
Valdosta State University,http://www.valdosta.edu
University of West Georgia,http://www.westga.edu
Wiregrass Georgia Technical College,http://www.wiregrass.edu
Brigham Young University Hawaii,http://www.byuh.edu
Chaminade University,http://www.chaminade.edu
University of Hawaii at Manoa,http://www.hawaii.edu
Mid-Pacific Institute,http://www.midpac.edu
AIB College of Business,http://www.aib.edu
Central College,http://www.central.edu
Coe College,http://www.coe.edu
Cornell College,http://www.cornellcollege.edu
Des Moines Area Community College,http://www.dmacc.edu
Dordt College,http://www.dordt.edu
Drake University,http://www.drake.edu
Divine Word College,http://www.dwci.edu
Eastern Iowa Community Colleges,http://www.eicc.edu
Grinnell College,http://www.grinnell.edu
Hawkeye Community College,http://www.hawkeyecollege.edu
Iowa State University,http://www.iastate.edu
Iowa Central Community College,http://www.iowacentral.edu
Iowa Wesleyan College,http://www.iwc.edu
Iowa Western Community College,http://www.iwcc.edu
Kaplan University,http://www.kaplanuniversity.edu
Kirkwood Community College,http://www.kirkwood.edu
La' James College,http://www.lajames.edu
Loras College,http://www.loras.edu
Luther College,http://www.luther.edu
Maharishi University of Management,http://www.mum.edu
Northeast Iowa Community College,http://www.nicc.edu
Palmer College of Chiropractic,http://www.palmer.edu
Saint Ambrose University,http://www.sau.edu
Simpson College,http://www.simpson.edu
Southwestern Community College,http://www.swcciowa.edu
Univeristy of Iowa,http://www.uiowa.edu
Upper Iowa University,http://www.uiu.edu
University of Northern Iowa,http://www.uni.edu
Wartburg College,http://www.wartburg.edu
Waldorf College,http://www.waldorf.edu
Boise State University,http://www.boisestate.edu
Brigham Young University Idaho,http://www.byui.edu
The College of Idaho,http://www.collegeofidaho.edu
College of Southern Idaho,http://www.csi.edu
Idaho State University,http://www.isu.edu
University of Idaho,http://www.uidaho.edu
Augustana College,http://www.augustana.edu
Aurora University,http://www.aurora.edu
Benedictine University,http://www.ben.edu
Bradley University,http://www.bradley.edu
City Colleges of Chicago,http://www.ccc.edu
The University of Chicago Booth School of Business,http://www.chicagobooth.edu
College of Lake County,http://www.clcillinois.edu
College of DuPage,http://www.cod.edu
Columbia College Chicago,http://www.colum.edu
Danville Area Community College,http://www.dacc.edu
DePaul University,http://www.depaul.edu
Dominican University,http://www.dom.edu
Eastern Illinois University,http://www.eiu.edu
Elmhurst College,http://www.elmhurst.edu
Governors State,http://www.govst.edu
Greenville College,http://www.greenville.edu
The Hadley School for the Blind,http://www.hadley.edu
Harper College,http://www.harpercollege.edu
Heartland Community College,http://www.heartland.edu
Illinois Central College,http://www.icc.edu
Illinois College of Optometry,http://www.ico.edu
Illinois Institute of Technology,http://www.iit.edu
University of Illinois at Urbana-Champaign,http://www.illinois.edu
Illinois State University,http://www.illinoisstate.edu
Illinois Mathematics and Science Academy,http://www.imsa.edu
Illinois Valley Community College,http://www.ivcc.edu
Illinois Wesleyan University,http://www.iwu.edu
John A. Logan College,http://www.jalc.edu
Joliet Junior College,http://www.jjc.edu
The John Marshall Law School,http://www.jmls.edu
Judson University,http://www.judsonu.edu
Kaskaskia College,http://www.kaskaskia.edu
Kankakee Community College,http://www.kcc.edu
IIT Chicago-Kent College of Law,http://www.iit.edu
Kishwaukee College,http://www.kishwaukeecollege.edu
Knox College,http://www.knox.edu
Lake Forest College,http://www.lakeforest.edu
Lakeview College of Nursing,http://www.lakeviewcol.edu
Lewis and Clark Community College,http://www.lc.edu
Lewis University,http://www.lewisu.edu
Lincoln Land Community College,http://www.llcc.edu
Loyola University Chicago,http://www.luc.edu
Midwestern Career College,http://www.mccollege.edu
McHenry County College,http://www.mchenry.edu
McKendree University,http://www.mckendree.edu
Midwestern University,http://www.midwestern.edu
Monmouth College,http://www.monmouthcollege.edu
Moraine Valley Community College,http://www.morainevalley.edu
Morton College,http://www.morton.edu
Northeastern Illinois University,http://www.neiu.edu
Northern Illinois University,http://www.niu.edu
National Louis University,http://www.nl.edu
North Park University,http://www.northpark.edu
Northwestern University,http://www.northwestern.edu
Oakton Community College,http://www.oakton.edu
Olivet Nazarene University,http://www.olivet.edu
Chicago ORT Technical Institute,http://www.ortchicagotech.edu
Parkland College,http://www.parkland.edu
Prairie State College,http://www.prairiestate.edu
Principia College,http://www.principiacollege.edu
Resurrection University,http://www.resu.edu
Robert Morris University Illinois,http://www.robertmorris.edu
Rockford University,http://www.rockford.edu
Rock Valley College,http://www.rockvalleycollege.edu
Roosevelt University,http://www.roosevelt.edu
Rosalind Franklin University,http://www.rosalindfranklin.edu
Saint Anthony College of Nursing,http://www.sacn.edu
School of the Art Institute of Chicago,http://www.saic.edu
Saint Francis Medical Center College of Nursing,http://www.sfmccon.edu
Shawnee Community College,http://www.shawneecc.edu
Southeastern Illinois College,http://www.sic.edu
Southern Illinois University,http://www.siu.edu
Southern Illinois University Edwardsville,http://www.siue.edu
Spoon River College,http://www.src.edu
South Suburban College,http://www.ssc.edu
University of Saint Francis,http://www.stfrancis.edu
Southwestern Illinois College,http://www.swic.edu
Saint Xavier University,http://www.scu.edu
Trinity Christian College,http://www.trnty.edu
University of Chicago,http://www.uchicago.edu
University of Illinois at Chicago,http://www.uic.edu
University of Illinois,http://www.uillinois.edu
University of Illinois Springfield,http://www.uis.edu
University of Illinois at Urbana-Champaign,http://www.illinois.edu
Waubonsee Community College,http://www.waubonsee.edu
Wheaton College,http://www.wheaton.edu
Western Illinois University,http://www.wiu.edu
Saint John's College,http://www.stjohnscollegespringfield.edu
Anabaptist Mennonite Biblical Seminary,http://www.ambs.edu
Anderson University,http://www.anderson.edu
Bethel College Indiana,http://www.bethelcollege.edu
Brown Mackie College,http://www.brownmackie.edu
Ball State University,http://www.bsu.edu
Butler University,http://www.butler.edu
DePauw University,http://www.depauw.edu
Earlham College,http://www.earlham.edu
University of Evansville,http://www.evansville.edu
Goshen College,http://www.goshen.edu
Grace College and Seminary,http://www.grace.edu
Hanover College,http://www.hanover.edu
Harrison College,http://www.harrison.edu
Holy Cross College,http://www.hcc-nd.edu
Indiana University,http://www.indiana.edu
Indiana State University,http://www.indstate.edu
Indiana Wesleyan University,http://www.indwes.edu
Indiana University - Purdue University Fort Wayne,http://www.ipfw.edu
Indiana University,http://www.iu.edu
Indiana University Bloomington,http://www.iub.edu
Indiana University East,http://www.iue.edu
Indiana University Northwest,http://www.iun.edu
Indiana University - Purdue University Indianapolis,http://www.iupui.edu
Indiana University Southeast,http://www.ius.edu
Indiana University South Bend,http://www.iusb.edu
Ivy Tech Community College,http://www.ivytech.edu
Manchester University,http://www.manchester.edu
Marian University Indianapolis,http://www.marian.edu
University of Notre Dame,http://www.nd.edu
Oakland City University,http://www.oak.edu
Purdue University North Central,http://www.pnc.edu
Purdue University,http://www.purdue.edu
Purdue University Calumet,http://www.purduecal.edu
Rose-Hulman Institute of Technology,http://www.rose-hulman.edu
Saint Mary's College,http://www.saintmarys.edu
Trine University,http://www.trine.edu
University of Indianapolis,http://www.uindy.edu
University of Southern Indiana,http://www.usi.edu
Valparaiso University,http://www.valpo.edu
Wabash College,http://www.wabash.edu
Benedictine College,http://www.benedictine.edu
Butler Community College,http://www.butlercc.edu
Emporia State University,http://www.emporia.edu
Fort Hays State University,http://www.fhsu.edu
Flint Hills Technical College,http://www.fhtc.edu
Fort Scott Community College,http://www.fortscott.edu
Garden City Community College,http://www.gcccks.edu
Hesston College,http://www.hesston.edu
Highland Community College,http://www.highlandcc.edu
Johnson County Community College,http://www.jccc.edu
Kansas City Kansas Community College,http://www.kckcc.edu
Kansas State University,http://www.k-state.edu
The University of Kansas,http://www.ku.edu
McPherson College,http://www.mcpherson.edu
Neosho County Community College,http://www.neosho.edu
Newman University,http://www.newmanu.edu
Pittsburg State University,http://www.pittstate.edu
Saint Paul School of Theology and Ministry,http://www.spst.edu
Sterling College,http://www.sterling.edu
University of Saint Mary,http://www.stmary.edu
Washburn University,http://www.washburn.edu
Washburn University School of Law,http://www.washburnlaw.edu
Wichita State University,http://www.wichita.edu
Asbury University,http://www.asbury.edu
Bellarmine University,http://www.bellarmine.edu
Berea College,http://www.berea.edu
Centre College,http://www.centre.edu
Eastern Kentucky University,http://www.eku.edu
Frontier Nursing University,http://www.frontier.edu
Georgetown College,http://www.georgetowncollege.edu
Kentucky Community and Technical College System,http://www.kctcs.edu
Kentucky Christian University,http://www.kcu.edu
Kentucky State University,http://www.kysu.edu
Lindsey Wilson College,http://www.lindsey.edu
The University of Louisville,http://www.louisville.edu
Midway College,http://www.midway.edu
Morehead State University,http://www.moreheadstate.edu
Murray State University,http://www.murraystate.edu
Northern Kentucky University,http://www.nku.edu
The Southern Baptist Theological Seminary,http://www.sbts.edu
Saint Catharine College,http://www.sccky.edu
Sullivan University,http://www.sullivan.edu
University of the Cumberlands,http://www.ucumberlands.edu
Western Kentucky University,http://www.wku.edu
Bossier Parish Community College,http://www.bpcc.edu
Centenary College of Louisiana,http://www.centenary.edu
Louisiana Tech University,http://www.latech.edu
Louisiana Culinary Institute,http://www.lci.edu
University of Louisiana Lafayette,http://www.louisiana.edu
Loyola University New Orleans,http://www.loyno.edu
Louisiana State University,http://www.lsu.edu
Louisiana State University - Eunice,http://www.lsue.edu
LSU Health Sciences Center - New Orleans,http://www.lsuhsc.edu
LSU Health Sciences Center - New Orleans,http://www.lsuhscshreveport.edu
Louisiana State University System,http://www.lsusystem.edu
Nicholls State University,http://www.nicholls.edu
New Orleans Baptist Theological Seminary,http://www.nobts.edu
Nunez Community College,http://www.nunez.edu
Southeastern Louisiana University,http://www.southeastern.edu
Southern University,http://www.subr.edu
Tulane University,http://www.tulane.edu
University of Louisiana at Monroe,http://www.ulm.edu
University of New Orleans,http://www.uno.edu
Xavier University of Louisiana,http://www.xula.edu
Amherst College,http://www.amherst.edu
Assumption College,http://www.assumption.edu
Babson College,http://www.babson.edu
Boston College,http://www.bc.edu
Bentley University,http://www.bentley.edu
Berklee College of Music,http://www.berklee.edu
Berkshire Community College,http://www.berkshirecc.edu
The Boston Conservatory,http://www.bostonconservatory.edu
Brandeis University,http://www.brandeis.edu
Bridgewater State University,http://www.bridgew.edu
Boston University,http://www.bu.edu
Cambridge College,http://www.cambridgecollege.edu
Clark University,http://www.clarku.edu
Curry College,http://www.curry.edu
Elms College,http://www.elms.edu
Emerson College,http://www.emerson.edu
Emmanuel College,http://www.emmanuel.edu
Endicott College,http://www.endicott.edu
Fitchburg State University,http://www.fitchburgstate.edu
Framingham State University,http://www.framingham.edu
Gordon Conwell Theological Seminary,http://www.gordonconwell.edu
Gordon College,http://www.gordon.edu
Hampshire College,http://www.hampshire.edu
Harvard University,http://www.harvard.edu
Harvard Business School,http://www.hbs.edu
College of the Holy Cross,http://www.holycross.edu
Lesley University,http://www.lesley.edu
Massachusetts Maritime Academy,http://www.maritime.edu
Massachusetts Department of Higher Education,http://www.mass.edu
Massachusetts College of Art and Design,http://www.massart.edu
MassBay Community College,http://www.massbay.edu
Marine Biological Laboratory,http://www.mbl.edu
Merrimack Education Center,http://www.mec.edu
Merrimack College,http://www.merrimack.edu
MGH Institute of Health Professions,http://www.mghihp.edu
Milton Academy,http://www.milton.edu
Massachusetts Institute of Technology,http://www.mit.edu
Montserrat College of Art,http://www.montserrat.edu
Mount Ida College,http://www.mountida.edu
Mount Holyoke College,http://www.mtholyoke.edu
Middlesex Community College,http://www.mxcc.edu
Middlesex School,http://www.mxschool.edu
North Bennet Street School,http://www.nbss.edu
New England Law - Boston,http://www.nesl.edu
Northeastern University,http://www.northeastern.edu
Olin College of Engineering,http://www.olin.edu
Salem State University,http://www.salemstate.edu
Simmons College,http://www.simmons.edu
Smith College,http://www.smith.edu
Spa Tech Institute,http://www.spatech.edu
Springfield College,http://www.springfieldcollege.edu
Springfield Technical Community College,http://www.stcc.edu
Suffolk University,http://www.suffolk.edu
Boston Architectural College,http://www.the-bac.edu
Tufts University,http://www.tufts.edu
University of Massachusetts Amherst,http://www.umass.edu
University of Massachusetts Dartmouth,http://www.umassd.edu
University of Massachusetts Medical School,http://www.umassmed.edu
University of Massachusetts,http://www.umassp.edu
University of Massachusetts Boston,http://www.umb.edu
University of Massachusetts Lowell,http://www.uml.edu
Wellesley College,http://www.wellesley.edu
"Wheaton College, Norton",http://www.wheatoncollege.edu
Wheelock College,http://www.wheelock.edu
Williams College,http://www.williams.edu
Western New England University,http://www.wne.edu
Worcester State University,http://www.worcester.edu
Worcester Polytechnic Institute,http://www.wpi.edu
Anne Arundel Community College,http://www.aacc.edu
Baltimore City Community College,http://www.bccc.edu
Bowie State University,http://www.bowiestate.edu
Carroll Community College,http://www.carrollcc.edu
The Community College of Baltimore County,http://www.ccbcmd.edu
Chesapeake College,http://www.chesapeake.edu
Coppin State University,http://www.coppin.edu
College of Southern Maryland,http://www.csmd.edu
Frederick Community College,http://www.frederick.edu
Frostburg State University,http://www.frostburg.edu
Garrett College,http://www.garrettcollege.edu
Goucher College,http://www.goucher.edu
Hagerstown Community College,http://www.hagerstowncc.edu
Harford Community College,http://www.harford.edu
Hood College,http://www.hood.edu
Howard Community College,http://www.howardcc.edu
Johns Hopkins Bloomberg School of Public Health,http://www.jhsph.edu
Johns Hopkins University,http://www.jhu.edu
Loyola University Maryland,http://www.loyola.edu
Montgomery Blair High School,http://www.mbhs.edu
McDaniel College,http://www.mcdaniel.edu
Maryland Institute College of Art,http://www.mica.edu
Montgomery College,http://www.montgomerycollege.edu
Mount Saint Mary's University,http://www.msmary.edu
Maryland University of Integrative Health,http://www.muih.edu
Prince George's Community College,http://www.pgcc.edu
Salisbury University,http://www.salisbury.edu
Sojourner-Douglass College,http://www.sdc.edu
Saint Mary's College of Maryland,http://www.smcm.edu
Saint James School,http://www.stjames.edu
Towson University,http://www.towson.edu
University of Baltimore,http://www.ubalt.edu
University of Maryland,http://www.umaryland.edu
University of Maryland Baltimore County,http://www.umbc.edu
University of Maryland,http://www.umd.edu
University of Maryland University College,http://www.umuc.edu
University System of Maryland,http://www.usmd.edu
United States Naval Academy,http://www.usna.edu
Washington College,http://www.washcoll.edu
Wor-Wic Community College,http://www.worwic.edu
Saint John's College,http://www.sjc.edu
Bates College,http://www.bates.edu
Bowdoin College,http://www.bowdoin.edu
Central Maine Community College,http://www.cmcc.edu
College of the Atlantic,http://www.coa.edu
Colby College,http://www.colby.edu
Husson University,http://www.husson.edu
Maine Maritime Academy,http://www.mainemaritime.edu
Northern Maine Community College,http://www.nmcc.edu
Saint Joseph's College,http://www.sjcme.edu
Southern Maine Community College,http://www.smccme.edu
University of Maine,http://www.umaine.edu
University of Maine Fort Kent,http://www.umfk.edu
University of Maine at Presque Isle,http://www.umpi.edu
University of New England,http://www.une.edu
Unity College,http://www.unity.edu
York County Community College,http://www.yccc.edu
University of Main at Augusta,http://www.uma.edu
Adrian College,http://www.adrian.edu
Albion College,http://www.albion.edu
Alma College,http://www.alma.edu
Alpena Community College,http://www.alpenacc.edu
Andrews University,http://www.andrews.edu
Aquinas College,http://www.aquinas.edu
Baker College,http://www.baker.edu
Bay College,http://www.baycollege.edu
Calvin College,http://www.calvin.edu
Central Michigan University,http://www.cmich.edu
College for Creative Studies,http://www.collegeforcreativestudies.edu
Cornerstone University,http://www.cornerstone.edu
Davenport University,http://www.davenport.edu
Delta College,http://www.delta.edu
Douglas J. Aveda Institute,http://www.douglasj.edu
Eastern Michigan University,http://www.emich.edu
Ferris State University,http://www.ferris.edu
Finlandia University,http://www.finlandia.edu
Grand Rapids Community College,http://www.grcc.edu
Grand Valley State University,http://www.gvsu.edu
Henry Ford College,http://www.hfcc.edu
Hillsdale College,http://www.hillsdale.edu
Hope College,http://www.hope.edu
Jackson College,http://www.jccmi.edu
Kettering University,http://www.kettering.edu
Kalamazoo Valley Community College,http://www.kvcc.edu
Kalamazoo College,http://www.kzoo.edu
Lake Michigan College,http://www.lakemichigancollege.edu
Lansing Community College,http://www.lcc.edu
Lake Superior State University,http://www.lssu.edu
Lawrence Technological University,http://www.ltu.edu
Macomb Community College,http://www.macomb.edu
Marygrove College,http://www.marygrove.edu
Monroe County Community College,http://www.monroeccc.edu
Michigan State University,http://www.msu.edu
Michigan Technological University,http://www.mtu.edu
Northwestern Michigan College,http://www.nmc.edu
Northern Michigan University,http://www.nmu.edu
Oakland Univeristy,http://www.oakland.edu
Oakland Community College,http://www.oaklandcc.edu
Saginaw Chippewa Tribal College,http://www.sagchip.edu
Saginaw Valley State University,http://www.svsu.edu
University of Detroit Mercy,http://www.udmercy.edu
University of Michigan-Flint,http://www.umflint.edu
University of Michigan,http://www.umich.edu
Wayne State,http://www.wayne.edu
Washtenaw Community College,http://www.wccnet.edu
Western Michigan University,http://www.wmich.edu
Alexandria Technical & Community College,http://www.alextech.edu
Anoka-Ramsey Community College,http://www.anokaramsey.edu
Augsburg College,http://www.augsburg.edu
Bemidji State University,http://www.bemidjistate.edu
Bethel University,http://www.bethel.edu
Carleton College,http://www.carleton.edu
Century College,http://www.century.edu
Central Lakes College,http://www.clcmn.edu
Concordia College,http://www.cord.edu
Crown College,http://www.crown.edu
"College of Saint Benedict, Saint John's University",http://www.csbsju.edu
Concordia University Saint Paul,http://www.csp.edu
The College of Saint Scholastica,http://www.css.edu
Dakota County Technical College,http://www.dctc.edu
Gustavus Adolphus College,http://www.gustavus.edu
Globe University,http://www.globeuniversity.edu
Hamline University,http://www.hamline.edu
Inver Hills Community College,http://www.inverhills.edu
Institute of Production and Recording,http://www.ipr.edu
Leech Lake Tribal College,http://www.lltc.edu
Luther Seminary,http://www.luthersem.edu
Macalester College,http://www.macalester.edu
McNally Smith College of Music,http://www.mcnallysmith.edu
Mesabi Range College,http://www.mesabirange.edu
Metropolitan State University,http://www.metrostate.edu
Minnesota State University Moorhead,http://www.mnstate.edu
Minnesota State University Mankato,http://www.mnsu.edu
North Hennepin Community College,http://www.nhcc.edu
Normandale Community College,http://www.normandale.edu
Rasmussen College,http://www.rasmussen.edu
Ridgewater College,http://www.ridgewater.edu
Southwest Minnesota State University,http://www.smsu.edu
Saint Mary's University of Minnesota,http://www.smumn.edu
South Central College,http://www.southcentral.edu
Saint Cloud State University,http://www.stcloudstate.edu
Saint Olaf College,http://www.stolaf.edu
University of Saint Thomas,http://www.stthomas.edu
University of Minnesota,http://www.umn.edu
United Theological Seminary of the Twin Cities,http://www.unitedseminary.edu
University of Northwestern Saint Paul,http://www.unwsp.edu
Walden University,http://www.waldenu.edu
Winona State Unviversity,http://www.winona.edu
Assemblies of God Theological Seminary,http://www.agts.edu
Aquinas Institute of Theology,http://www.ai.edu
A.T. Still University,http://www.atsu.edu
Avila University,http://www.avila.edu
Columbia College,http://www.ccis.edu
Central Methodist University,http://www.centralmethodist.edu
Crowder College,http://www.crowder.edu
Culver-Stockton College,http://www.culver.edu
Drury University,http://www.drury.edu
Evangel University,http://www.evangel.edu
Fontbonne University,http://www.fontbonne.edu
Hannibal-LaGrange,http://www.hlg.edu
Harris-Stowe State University,http://www.hssu.edu
Jefferson College,http://www.jeffco.edu
Kansas City University of Medicine and Biosciences,http://www.kcumb.edu
Lincoln University,http://www.lincolne.edu
Lindenwood University,http://www.lindenwood.edu
Linn State Technical College,http://www.linnstate.edu
Maryville University,http://www.maryville.edu
Metropolitan Community College,http://www.mcckc.edu
Mineral Area College,http://www.mineralarea.edu
Mizzou University of Missouri,http://www.missouri.edu
Missouri State University,http://www.missouristate.edu
Missouri Valley College,http://www.moval.edu
Missouri Southern State University,http://www.mssu.edu
Missouri University of Science and Technology,http://www.mst.edu
North Central Missouri College,http://www.ncmissouri.edu
Nazarene Theological Seminary,http://www.nts.edu
Northwest Missouri State University,http://www.nwmissouri.edu
Ozarks Technical Community College,http://www.otc.edu
Park University,http://www.park.edu
Rockhurst University,http://www.rockhurst.edu
Southwest Baptist University,http://www.sbuniv.edu
South Central Career Center,http://www.scccwp.edu
Southeast Missouri State University,http://www.semo.edu
Saint Louis University,http://www.slu.edu
Saint Charles Community College,http://www.stchas.edu
Saint Louis Community College,http://www.stlcc.edu
Truman State University,http://www.truman.edu
University of Central Missouri,http://www.ucmo.edu
University of Missouri Kansas City,http://www.umkc.edu
University of Missouri Saint Louis,http://www.umsl.edu
University of Missouri System,http://www.umsystem.edu
Webster University,http://www.webster.edu
"Westminster College, Missouri",http://www.westminster-mo.edu
Washington University in Saint Louis,http://www.wustl.edu
Alcorn State University,http://www.alcorn.edu
Belhaven University,http://www.belhaven.edu
Delta State University,http://www.deltastate.edu
East Mississippi Community College,http://www.eastms.edu
Jackson State University,http://www.jsums.edu
Mississippi Gulf Coast Community College,http://www.mgccc.edu
Mississippi State University,http://www.mssstate.edu
Northeast Mississippi Community College,http://www.nemcc.edu
The University of Mississippi,http://www.olemiss.edu
Pearl River Community College,http://www.prcc.edu
Reformed Theological Seminary,http://www.rts.edu
University of Mississippi Medical Center,http://www.umc.edu
University of Southern Mississippi,http://www.usm.edu
William Carey University,http://www.wmcarey.edu
Itawamba Community College,http://www.iccms.edu
Blackfeet Community College,http://www.bfcc.edu
Carroll College,http://www.carroll.edu
Fort Peck Community College,http://www.fpcc.edu
Flathead Valley Community College,http://www.fvcc.edu
Miles Community College,http://www.milescc.edu
Montana State University,http://www.montana.edu
Montana State University Billings,http://www.msubillings.edu
Montana State University - Northern,http://www.msun.edu
Montana Tech of the University of Montana,http://www.mtech.edu
Montana University System,http://www.mus.edu
Rocky Mountain College,http://www.rocky.edu
University of Montana Helena College,http://www.umhelena.edu
University of Montana,http://www.umt.edu
University of Montana Western,http://www.umwestern.edu
Asheville-Buncombe Technical Community College,http://www.abtech.edu
Alamance Community College,http://www.alamancecc.edu
Appalachian State University,http://www.appstate.edu
Bladen Community College,http://www.bladencc.edu
Body Therapy Institute,http://www.bti.edu
Campbell University,http://www.campbell.edu
Cape Fear Community College,http://www.cfcc.edu
Charlotte School of Law,http://www.charlottelaw.edu
Chowan University,http://www.chowan.edu
Central Piedmont Community College,http://www.cpcc.edu
Craven Community College,http://www.cravencc.edu
Davidson College,http://www.davidson.edu
Duke University,http://www.duke.edu
Durham Technical Community College,http://www.durhamtech.edu
Elizabeth City State University,http://www.ecsu.edu
East Carolina University,http://www.ecu.edu
Elon University,http://www.elon.edu
Fayetteville Technical Community College,http://www.faytechcc.edu
Forsyth Technical Community College,http://www.forsythtech.edu
Gardner-Webb University,http://www.gardner-webb.edu
Gaston College,http://www.gaston.edu
Guilford Technical Community College,http://www.gtcc.edu
Heritage Bible College,http://www.heritagebiblecollege.edu
High Point University,http://www.highpoint.edu
Isothermal Community College,http://www.isothermal.edu
Lenoir Community College,http://www.lenoircc.edu
Lees McRae College,http://www.lmc.edu
Methodist University,http://www.methodist.edu
The University of Mount Olive,http://www.umo.edu
Montgomery Community College,http://www.montgomery.edu
North Carolina Central University,http://www.nccu.edu
North Carolina School of Science and Mathematics,http://www.ncssm.edu
North Carolina State University,http://www.ncsu.edu
North Carolina Wesleyan College,http://www.ncwc.edu
New Life Theological Seminary,http://www.nlts.edu
University of North Carolina,http://www.northcarolina.edu
Piedmont Community College,http://www.piedmontcc.edu
Pitt Community College,http://www.pittcc.edu
Queens University of Charlotte,http://www.queens.edu
Randolph Community College,http://www.randolph.edu
Roanoke-Chowan Community College,http://www.roanokechowan.edu
Salem College,http://www.salem.edu
Sampson Community College,http://www.sampsoncc.edu
Sandhills Community College,http://www.sandhills.edu
Saint Andrews University,http://www.sapc.edu
Southeastern Community College,http://www.sccnc.edu
Southeastern Baptist Theological Seminary,http://www.sebts.edu
Shaw University,http://www.shawu.edu
Southwestern Community College,http://www.southwesterncc.edu
South Piedmont Community College,http://www.spcc.edu
Stanly Community College,http://www.stanly.edu
Saint Augustine's University,http://www.st-aug.edu
University of North Carolina at Chapel Hill,http://www.unc.edu
University of North Carolina Asheville,http://www.unca.edu
University of North Carolina Charlotte,http://www.uncc.edu
University of North Carolina Greensboro,http://www.uncg.edu
University of North Carolina Pembroke,http://www.uncp.edu
University of North Carolina School of the Arts,http://www.uncsa.edu
University of North Carolina Wilmington,http://www.uncw.edu
Vance-Granville Community College,http://www.vgcc.edu
Wake Technical Community College,http://www.waketech.edu
Warren Wilson College,http://www.warren-wilson.edu
Western Carolina University,http://www.wcu.edu
Wake Forest University,http://www.wfu.edu
Western Piedmont Community College,http://www.wpcc.edu
Winston-Salem State University,http://www.wssu.edu
Dakota College at Bottineau,http://www.dakotacollege.edu
Mayville State University,http://www.mayvillestate.edu
Minot State University,http://www.minotstateu.edu
North Dakota State University,http://www.ndsu.edu
North Dakota University System,http://www.ndus.edu
Turtle Mountain Community College,http://www.tm.edu
University of North Dakota,http://www.und.edu
United Tribes Technical College,http://www.utcc.edu
Valley City State University,http://www.vcsu.edu
Williston State College,http://www.willistonstate.edu
Bellevue University,http://www.bellevue.edu
Bryan College of Health Sciences,http://www.bryanhealth.com
Creighton University,http://www.creighton.edu
Chadron State College,http://www.csc.edu
Concordia University Nebraska,http://www.cune.edu
Joseph's College,http://www.josephscollege.edu
Little Priest Tribal College,http://www.littlepriest.edu
Mid-Plains Community College,http://www.mpcc.edu
University of Nebraska,http://www.nebraska.edu
Northeast Community College,http://www.northeast.edu
Union College,http://www.ucollege.edu
University of Nebraska at Kearney,http://www.unk.edu
University of Nebraska at Lincoln,http://www.unl.edu
University of Nebraska Medical Center,http://www.unmc.edu
University of Nebraska Omaha,http://www.unomaha.edu
Wayne State College,http://www.wsc.edu
Saint Anselm College,http://www.anselm.edu
Antioch University New England,http://www.antiochne.edu
Community College System of New Hampshire,http://www.ccsnh.edu
Colby Sawyer College,http://www.colby-sawyer.edu
Dartmouth College,http://www.dartmouth.edu
Phillips Exeter Academy,http://www.exeter.edu
Granite State College,http://www.granite.edu
Keene State College,http://www.keene.edu
Manchester Community College,http://www.mccnh.edu
Mount Washington College,http://www.mountwashington.edu
Nashua Community College,http://www.nashuacc.edu
New England College,http://www.nec.edu
NHTI Concord's Community College,http://www.nhti.edu
Plymouth State University,http://www.plymouth.edu
Rivier University,http://www.rivier.edu
Southern New Hampshire University,http://www.snhu.edu
University of New Hampshire,http://www.unh.edu
White Mountains Community College,http://www.wmcc.edu
Atlantic Cape Community College,http://www.atlantic.edu
Burlington County College,http://www.bcc.edu
Bergen Community College,http://www.bergen.edu
Brookdale Community College,http://www.brookdalecc.edu
Centenary College of New Jersey,http://www.centenarycollege.edu
Drew University,http://www.drew.edu
Eastwick College,http://www.eastwickcollege.edu
Fairleigh Dickinson University,http://www.fdu.edu
Felician College,http://www.felician.edu
Fortis Institute,http://www.fortis.edu
Georgian Court University,http://www.georgian.edu
Kean University,http://www.kean.edu
Mercer County Community College,http://www.mccc.edu
Middlesex County College,http://www.middlesexcc.edu
Monmouth University,http://www.monmouth.edu
Montclair State University,http://www.montclair.edu
New Jersey City University,http://www.njcu.edu
New Jersey Institute of Technology,http://www.njit.edu
Ocean County College,http://www.ocean.edu
Princeton University,http://www.princeton.edu
Princeton Theological Seminary,http://www.ptsem.edu
Ramapo College of New Jersey,http://www.ramapo.edu
Raritan Valley Community College,http://www.raritanval.edu
Rider University,http://www.rider.edu
Rowan University,http://www.rowan.edu
Rutgers University,http://www.rutgers.edu
Seton Hall University,http://www.shu.edu
Stenotech Career Institute,http://www.stenotech.edu
Stevens Institute of Technology,http://www.stevens.edu
Stockton College,http://www.stockton.edu
Sussex County Community College,http://www.sussex.edu
The College of New Jersey,http://www.tcnj.edu
Thomas Edison State College,http://www.tesc.edu
William Paterson University,http://www.wpunj.edu
County College of Morris,http://www.ccm.edu
Camden County College,http://www.camdencc.edu
Passaic County Community College,http://www.pccc.edu
Ross University,http://www.rossu.edu
Central New Mexico,http://www.cnm.edu
Eastern New Mexico University,http://www.enmu.edu
New Mexico Highlands University,http://www.nmhu.edu
New Mexico State University,http://www.nmsu.edu
New Mexico State University Alamogordo,http://www.nmsua.edu
New Mexico Institute of Mining and Technology,http://www.nmt.edu
Northern New Mexico College,http://www.nnmc.edu
San Juan College,http://www.sanjuancollege.edu
Southwestern College,http://www.swc.edu
Univeristy of New Mexico,http://www.unm.edu
University of the Southwest,http://www.usw.edu
College of Southern Nevada,http://www.csn.edu
Great Basin College,http://www.gbcnv.edu
Pima Medical Institute,http://www.pmi.edu
Sierra Nevada College,http://www.sierranevada.edu
Truckee Meadows Community College,http://www.tmcc.edu
University of Nevada Las Vegas,http://www.unlv.edu
University of Nevada Reno,http://www.unr.edu
Western Nevada College,http://www.wnc.edu
Adelphi University,http://www.adelphi.edu
University at Albany,http://www.albany.edu
Alfred University,http://www.alfred.edu
The American Musical and Dramatic Academy,http://www.amda.edu
ASA College,http://www.asa.edu
Bard College,http://www.bard.edu
Barnard College,http://www.barnard.edu
Binghamton University,http://www.binghamton.edu
The College at Brockport,http://www.brockport.edu
University at Buffalo,http://www.buffalo.edu
Buffalo State University,http://www.buffalostate.edu
Cazenovia College,http://www.cazenovia.edu
Clarkson University,http://www.clarkson.edu
Clinton Community College,http://www.clinton.edu
The College of New Rochelle,http://www.cnr.edu
Cobleskill University,http://www.cobleskill.edu
Colgate University,http://www.colgate.edu
Columbia University in the City of New York,http://www.columbia.edu
Concordia College New York,http://www.concordia-ny.edu
The Cooper Union,http://www.cooper.edu
Cornell University,http://www.cornell.edu
Cortland College,http://www.cortland.edu
The City University of New York,http://www.cuny.edu
The College of Westchester,http://www.cw.edu
Daemen College,http://www.daemen.edu
Dominican College,http://www.dc.edu
Delhi State University of New York,http://www.delhi.edu
Dowling College,http://www.dowling.edu
D'Youville College,http://www.dyc.edu
Erie Community College State University of New York,http://www.ecc.edu
Elim Bible Institute,http://www.elim.edu
Elmira College,http://www.elmira.edu
Empire State College,http://www.esc.edu
College of Environmental Science and Forestry,http://www.esf.edu
Farmingdale State College,http://www.farmingdale.edu
Fashion Institute of Technology,http://www.fitnyc.edu
Finger Lakes Community College,http://www.flcc.edu
Fordham University,http://www.fordham.edu
Fredonia University,http://www.fredonia.edu
Five Towns College,http://www.ftc.edu
Geneseo University,http://www.geneseo.edu
Globe Institute of Technology,http://www.globe.edu
The General Theological Seminary,http://www.gts.edu
Hamilton College,http://www.hamilton.edu
Hartwick College,http://www.hartwick.edu
Herkimer College,http://www.herkimer.edu
Hofstra University,http://www.hofstra.edu
Hudson Valley Community College,http://www.hvcc.edu
Hobart and William Smith Colleges,http://www.hws.edu
Institute of Design and Construction,http://www.idc.edu
Iona College,http://www.iona.edu
Ithaca College,http://www.ithaca.edu
The Jewish Theological Seminary,http://www.jtsa.edu
The Juilliard School,http://www.juilliard.edu
Keuka College,http://www.keuka.edu
Lehman College,http://www.lehman.edu
Le Moyne,http://www.lemoyne.edu
Lim College,http://www.limcollege.edu
Long Island University,http://www.liu.edu
Manhattan College,http://www.manhattan.edu
Marist College,http://www.marist.edu
Metropolitan College of New York,http://www.mcny.edu
Mercy College,http://www.mercy.edu
Marymount Manhattan College,http://www.mmm.edu
Monroe Community College,http://www.monroecc.edu
Morrisville State College,http://www.morrisville.edu
Mount Saint Marry College,http://www.msmc.edu
Icahn School of Medicine at Mount Sinai,http://www.mssm.edu
Manhattanville College,http://www.mville.edu
Nazareth College,http://www.naz.edu
Nassau Community College,http://www.ncc.edu
New Paltz,http://www.newpaltz.edu
The New School,http://www.newschool.edu
Niagara University,http://www.niagara.edu
Nyack College,http://www.nyack.edu
New York College of Health Professions,http://www.nycollege.edu
New York Film Academy,http://www.nyfa.edu
New York Institute of Technology,http://www.nyit.edu
New York University,http://www.nyu.edu
State University of New York at Oneonta,http://www.oneonta.edu
State University of New York at Oswego,http://www.oswego.edu
Pace University,http://www.pace.edu
Paul Smith's College,http://www.paulsmiths.edu
State University of New York at Plattsburgh,http://www.plattsburgh.edu
State University of New York at Potsdam,http://www.potsdam.edu
Pratt Institute,http://www.pratt.edu
Purchase College,http://www.purchase.edu
Rochester Institute of Technology,http://www.rit.edu
Roberts Wesleyan College,http://www.roberts.edu
University of Rochester,http://www.rochester.edu
Rensselaer Polytechnic Institute,http://www.rpi.edu
The Sages Colleges,http://www.sage.edu
Saint Bonaventure University,http://www.sbu.edu
The New York Conservatory for Dramatic Arts,http://www.sft.edu
Siena College,http://www.siena.edu
Saint John Fisher College,http://www.sjfc.edu
Skidmore College,http://www.skidmore.edu
Sarah Lawrence College,http://www.slc.edu
Saint Bernard's School of Theology and Ministry,http://www.stbernards.edu
Saint John's University,http://www.stjohns.edu
Saint Lawrence University,http://www.stlawu.edu
Stony Brook University,http://www.stonybrook.edu
Stony Brook Medicine,http://www.stonybrookmedicine.edu
The College of Saint Rose,http://www.strose.edu
State University of New York,http://www.suny.edu
State University of New York at Adirondack,http://www.sunyacc.edu
State University of New Institute of Technology,http://www.sunyit.edu
Jamestown Community College,http://www.sunyjcc.edu
Orange County Community College,http://www.sunyorange.edu
Rockland Community College,http://www.sunyrockland.edu
Suffolk County Community College,http://www.sunysuffolk.edu
Westchester Community College,http://www.sunywcc.edu
Syracuse University,http://www.syr.edu
Tompkins Cortland Community College,http://www.tc3.edu
The Touro College and University System,http://www.touro.edu
Touro College Jacob D. Fuchsberg Law Center,http://www.tourolaw.edu
Union College,http://www.union.edu
Upstate Medical University,http://www.upstate.edu
United States Military Academy West Point,http://www.usma.edu
Utica College,http://www.utica.edu
Vassar College,http://www.vassar.edu
Wagner College,http://www.wagner.edu
Wells College,http://www.wells.edu
Yeshiva University,http://www.yu.edu
Canton State University of New York,http://www.canton.edu
Excelsior College,http://www.excelsior.edu
Culinary Institute of America,http://www.ciachef.edu
Ashland University,http://www.ashland.edu
Aultman College of Nursing and Health Sciences,http://www.aultmancollege.edu
Belmont College,http://www.belmontcollege.edu
Bowling Green State University,http://www.bgsu.edu
Baldwin Wallace University,http://www.bw.edu
Capital University,http://www.capital.edu
Case Western Reserve University,http://www.case.edu
Cincinnati College of Mortuary Science,http://www.ccms.edu
Cedarville University,http://www.cedarville.edu
Central State University,http://www.centralstate.edu
Cincinnati State Technical and Community College,http://www.cincinnatistate.edu
Central Ohio Technical College,http://www.cotc.edu
Columbus State Community College,http://www.cscc.edu
Cleveland State University,http://www.csuohio.edu
Western Reserve University,http://www.cwru.edu
Defiance College,http://www.defiance.edu
Denison University,http://www.denison.edu
The University of Findlay,http://www.findlay.edu
Franklin University,http://www.franklin.edu
Heidelberg University,http://www.heidelberg.edu
Hiram College,http://www.hiram.edu
Hocking College,http://www.hocking.edu
John Carroll University,http://www.jcu.edu
Kettering College,http://www.kc.edu
Kent State University,http://www.kent.edu
Kenyon College,http://www.kenyon.edu
Lakeland Community College,http://www.lakelandcc.edu
Lima Central Catholic High School,http://www.lcchs.edu
Lorain County Community College,http://www.lorainccc.edu
Malone University,http://www.malone.edu
Marietta College,http://www.marietta.edu
Miami University,http://www.miamioh.edu
University of Mount Union,http://www.mountunion.edu
Mount Saint Joseph University,http://www.msj.edu
Muskingum University,http://www.muskingum.edu
Mount Vernon Nazarene University,http://www.mvnu.edu
North Central State College,http://www.ncstatecollege.edu
Oberlin College and Conservatory,http://www.oberlin.edu
Ohio University,http://www.ohio.edu
Ohio Dominican University,http://www.ohiodominican.edu
Ohio State University,http://www.osu.edu
Ohio Northern University,http://www.onu.edu
Otterbein University,http://www.otterbein.edu
Owens Community College,http://www.owens.edu
Ohio Wesleyan University,http://www.owu.edu
University of Rio Grande,http://www.rio.edu
Shawnee State University,http://www.shawnee.edu
Sinclair Community College,http://www.sinclair.edu
Tiffin University,http://www.tiffin.edu
Cuyahoga Community College,http://www.tri-c.edu
The University of Akron,http://www.uakron.edu
University of Cincinnati,http://www.uc.edu
University of Cincinnati Blue Ash,http://www.ucblueash.edu
University of Cincinnati Clermont,http://www.ucclermont.edu
University of Dayton,http://www.udayton.edu
Urbana University,http://www.urbana.edu
Ursuline College,http://www.ursuline.edu
University of Toledo,http://www.utoledo.edu
Walsh University,http://www.walsh.edu
Wilmington College,http://www.wilmington.edu
Wittenberg University,http://www.wittenberg.edu
The College of Wooster,http://www.wooster.edu
Wright State University,http://www.wright.edu
Xavier University,http://www.xavier.edu
Youngstown State University,http://www.ysu.edu
Ohio State University,http://www.osu.edu
Cameron University,http://www.cameron.edu
Connors State College,http://www.connorsstate.edu
East Central University,http://www.ecok.edu
Langston University,http://www.langston.edu
Mid-America Christian University,http://www.macu.edu
Meridian Technology Center,http://www.meridiantech.edu
Northeastern State University,http://www.nsuok.edu
Northwestern Oklahoma State University,http://www.nwosu.edu
Oklahoma Christian University,http://www.oc.edu
Oklahoma City Community College,http://www.occc.edu
Oklahoma City University,http://www.okcu.edu
Oklahoma State University,http://www.okstate.edu
Oral Roberts University,http://www.oru.edu
Oklahoma State University Institue of Technology,http://www.osuit.edu
Oklahoma State University,http://www.osuokc.edu
The University of Oklahoma,http://www.ou.edu
The University of Oklahoma Health Sciences Center,http://www.ouhsc.edu
Rose State College,http://www.rose.edu
Rogers State University,http://www.rsu.edu
Southeastern Oklahoma State University,http://www.se.edu
Southwestern Christian University,http://www.swcu.edu
Southwestern Oklahoma State Univeristy,http://www.swosu.edu
Tulsa Community College,http://www.tulsacc.edu
University of Central Oklahoma,http://www.uco.edu
University of Science and Arts of Oklahoma,http://www.usao.edu
University of Tulsa,http://www.utulsa.edu
Western Oklahoma State College,http://www.wosc.edu
Blue Mountain Community College,http://www.bluecc.edu
Clatsop Community College,http://www.clatsopcc.edu
Central Oregon Community College,http://www.cocc.edu
Columbia School of English,http://www.cs.edu
Concordia University Portland Oregon,http://www.cu-portland.edu
Eastern Oregon University,http://www.eou.edu
George Fox University,http://www.georgefox.edu
Lane Community College,http://www.lanecc.edu
Lewis and Clark,http://www.lclark.edu
Linfield College,http://www.linfield.edu
Linn-Benton Community College,http://www.linnbenton.edu
Marylhurst University,http://www.marylhurst.edu
National College of Natural Medicine,http://www.ncnm.edu
Oregon Health and Science University,http://www.ohsu.edu
Oregon State University,http://www.oregonstate.edu
Pacific University Oregon,http://www.pacificu.edu
Portland Community College,http://www.pcc.edu
Portland State University,http://www.pdx.edu
Reed College,http://www.reed.edu
Rogue Community College,http://www.roguecc.edu
Southwestern Oregon Community College,http://www.socc.edu
Southern Oregon University,http://www.sou.edu
University of Oregon,http://www.uoregon.edu
University of Portland,http://www.up.edu
Warner Pacific College,http://www.warnerpacific.edu
Willamette University,http://www.willamette.edu
Western Oregon University,http://www.wou.edu
Allegheny College,http://www.allegheny.edu
Alvernia University,http://www.alvernia.edu
Arcadia University,http://www.arcadia.edu
Baptist Bible College & Seminary,http://www.bbc.edu
Butler County Community College,http://www.bc3.edu
Bloomsburg University,http://www.bloomu.edu
Bryn Mawr College,http://www.brynmawr.edu
Bucknell University,http://www.bucknell.edu
Bucks County Community College,http://www.bucks.edu
California University of Pennsylvania,http://www.calu.edu
Carlow University,http://www.carlow.edu
Community College of Allegheny County,http://www.ccac.edu
Community College of Philadelphia,http://www.ccp.edu
Cedar Crest College,http://www.cedarcrest.edu
Chatham University,http://www.chatham.edu
Chestnut Hill College,http://www.chc.edu
Clarion University,http://www.clarion.edu
Carnegie Mellon University,http://www.cmu.edu
Delaware County Community College,http://www.dccc.edu
Delaware Valley College,http://www.delval.edu
Dickinson College,http://www.dickinson.edu
Drexel University,http://www.drexel.edu
Drexel University College of Medicine,http://www.drexelmed.edu
Duquesne University,http://www.duq.edu
Eastern University,http://www.eastern.edu
Edinboro University,http://www.edinboro.edu
Elizabethtown College,http://www.etown.edu
Evangelical Seminary,http://www.evangelical.edu
Franklin & Marshall College,http://www.fandm.edu
Saint Francis University,http://www.francis.edu
Grove City College,http://www.gcc.edu
Geneva College,http://www.geneva.edu
Gettysburg College,http://www.gettysburg.edu
Harrisburg Area Community College,http://www.hacc.edu
Haverford College,http://www.haverford.edu
Holy Family University,http://www.holyfamily.edu
Indiana University of Pennsylvania,http://www.iup.edu
Thomas Jefferson University,http://www.jefferson.edu
Juniata College,http://www.juniata.edu
Keystone College,http://www.keystone.edu
King's College,http://www.kings.edu
Kutztown University,http://www.kutztown.edu
Lackawanna College,http://www.lackawanna.edu
Lafayette College,http://www.lafayette.edu
Lancaster County Career and Technology Center,http://www.lancasterctc.edu
Lancaster Theological Seminary,http://www.lancasterseminary.edu
La Roche College,http://www.laroche.edu
La Salle University,http://www.lasalle.edu
Lehigh Carbon Community College,http://www.lccc.edu
Lake Erie College of Osteopathic Medicine,http://www.lecom.edu
Lehigh University,http://www.lehigh.edu
Lock Haven University,http://www.lhup.edu
The Lincoln University,http://www.lincoln.edu
Lansdale School of Business,http://www.lsb.edu
Lebanon Valley College,http://www.lvc.edu
Lycoming College,http://www.lycoming.edu
Manor College,http://www.manor.edu
Mansfield University,http://www.mansfield.edu
Marywood University,http://www.marywood.edu
Montgomery County Community College,http://www.mc3.edu
Mercyhurst University,http://www.mercyhurst.edu
Messiah College,http://www.messiah.edu
Millersville University,http://www.millersville.edu
Misericordia University,http://www.misericordia.edu
Moravian College,http://www.moravian.edu
Mount Aloysius College,http://www.mtaloy.edu
Muhlenberg College,http://www.muhlenberg.edu
Neumann University,http://www.neumann.edu
Northampton Community College,http://www.northampton.edu
Pennsylvania Gunsmith School,http://www.pagunsmith.edu
Philadelphia College of Osteopathic Medicine,http://www.pcom.edu
Pennsylvania College of Technology,http://www.pct.edu
Philadelphia University,http://www.philau.edu
University of Pittsburgh,http://www.pitt.edu
Penn State University,http://www.psu.edu
Reading Area Community College,http://www.racc.edu
Robert Morris University,http://www.rmu.edu
Saint Vincent Seminary,http://www.saintvincentseminary.edu
Salus University,http://www.salus.edu
The University of Scranton,http://www.scranton.edu
Shippensburg University,http://www.ship.edu
Saint Joseph's University,http://www.sju.edu
Slippery Rock University,http://www.sru.edu
Saint Vincent College,http://www.stvincent.edu
Susquehanna University,http://www.susqu.edu
Swarthmore College,http://www.swarthmor.edu
Temple University,http://www.temple.edu
The American College of Financial Services,http://www.theamericancollege.edu
Thiel College,http://www.thiel.edu
University of the Arts,http://www.uarts.edu
University of Pennsylvania,http://www.upenn.edu
University of the Sciences in Philadelphia,http://www.usciences.edu
Valley Forge Christian College,http://www.vfcc.edu
Villanova University,http://www.villanova.edu
Washington and Jefferson College,http://www.washjeff.edu
Westmoreland County Community College,http://www.wccc.edu
West Chester University,http://www.wcupa.edu
Westminster College,http://www.westminster.edu
Widener University,http://www.widener.edu
Wilkes University,http://www.wilkes.edu
Wilson College,http://www.wilson.edu
York College of Pennsylvania,http://www.ycp.edu
Pennsylvania Academy of the Fine Arts,http://www.pafa.edu
East Stroudsburg University,http://www.esu.edu
Ursinus College,http://www.ursinus.edu
DeSales University,http://www.desales.edu
Lancaster Bible College,http://www.lbc.edu
Cheyney University of Pennsylvania,http://www.cheyney.edu
Brown University,http://www.brown.edu
Bryant University,http://www.bryant.edu
Community College of Rhode Island,http://www.ccri.edu
Johnson and Wales University,http://www.jwu.edu
New England Institute of Technology,http://www.neit.edu
Providence College,http://www.providence.edu
The University of Rhode Island,http://www.uri.edu
Rhode Island College,http://www.ric.edu
Rhose Island School of Design,http://www.risd.edu
Roger Williams University,http://www.rwu.edu
University of Rhode Island,http://www.uri.edu
Centura College,http://www.centura.edu
The Citadel Military College of South Carolina,http://www.citadel.edu
Columbia International University,http://www.ciu.edu
Clemson University,http://www.clemson.edu
Coastal Carolina University,http://www.coastal.edu
College of Charleston,http://www.cofc.edu
Coker College,http://www.coker.edu
Columbia College South Carolina,http://www.columbiasc.edu
Florence-Darlington Technical College,http://www.fdtc.edu
Francis Marion University,http://www.fmarion.edu
Forrest College,http://www.forrestcollege.edu
Furman University,http://www.furman.edu
Lander University,http://www.lander.edu
Limestone College,http://www.limestone.edu
Midlands Technical College,http://www.midlandstech.edu
Medical University of South Carolina,http://www.musc.edu
Newberry College,http://www.newberry.edu
North Greenville University,http://www.ngu.edu
Orangeburg-Calhoun Technical College,http://www.octech.edu
Presbyterian College,http://www.presby.edu
University of South Carolina,http://www.sc.edu
South Carolina State University,http://www.scsu.edu
Sinte Gleska University,http://www.sintegleska.edu
Spartanburg Methodist College,http://www.smcsc.edu
TriCounty Technical College,http://www.tctc.edu
University of South Carolina Aiken,http://www.usca.edu
University of South Carolina Beaufort,http://www.uscb.edu
University of South Carolina Upstate,http://www.uscupstate.edu
Winthrop University,http://www.winthrop.edu
Wofford College,http://www.wofford.edu
York Technical College,http://www.yorktech.edu
Bob Jones University,http://www.bju.edu
Anderson University,http://www.andersonuniversity.edu
Black Hills State University,http://www.bhsu.edu
Dakota State University,http://www.dsu.edu
Dakota Wesleyan University,http://www.dwu.edu
Mount Marty College,http://www.mtmc.edu
Northern State University,http://www.northern.edu
South Dakota School of Mines and Technology,http://www.sdsmt.edu
South Dakota State University,http://www.sdstate.edu
University of South Dakota,http://www.usd.edu
University of Sioux Falls,http://www.usioxfalls.edu
Western Dakota Technical Institute,http://www.wdt.edu
Austin Peay State University,http://www.apsu.edu
Belmont University,http://www.belmont.edu
Bryan College,http://www.bryan.edu
Christian Brothers University,http://www.cbu.edu
Carson-Newman University,http://www.cn.edu
Columbia State Community College,http://www.columbiastate.edu
Cumberland University,http://www.cumberland.edu
DeVry University,http://www.devry.edu
East Tennessee State University,http://www.etsu.edu
Freed-Hardeman University,http://www.fhu.edu
Fisk University,http://www.fisk.edu
Huntington College of Health Sciences,http://www.hchs.edu
Hiwassee College,http://www.hiwassee.edu
Johnson University,http://www.johnsonu.edu
Jackson State Community College,http://www.jscc.edu
Lee University,http://www.leeuniversity.edu
Lincoln Memorial University,http://www.lmunet.edu
The LeMoyne-Owen College,http://www.loc.edu
The University of Memphis,http://www.memphis.edu
Milligan College,http://www.milligan.edu
Middle Tennessee State University,http://www.mtsu.edu
Nashville State Community College,http://www.nscc.edu
Pellissippi State Community College,http://www.pstcc.edu
Rhodes College,http://www.rhodes.edu
Roane State Community College,http://www.roanestate.edu
Southern College of Optometry,http://www.sco.edu
Sewanee The University of the South,http://www.sewanee.edu
Southern Adventist University,http://www.southern.edu
The University of Tennessee,http://www.tennessee.edu
Southwest Tennessee Community College,http://www.tn.edu
Tennessee State University,http://www.tnstate.edu
Tennessee Technological University,http://www.tntech.edu
Tennessee Wesleyan College,http://www.twcnet.edu
University of Tennessee Chattanooga,http://www.utc.edu
University of Tennessee Health Science Center,http://www.uthsc.edu
University of Tennessee Knoxville,http://www.utk.edu
University of Tennessee Martin,http://www.utm.edu
University of Tennessee Space Institute,http://www.utsi.edu
Union University,http://www.uu.edu
Vanderbilt University,http://www.vanderbilt.edu
Volunteer State Community College,http://www.volstate.edu
King University,http://www.king.edu
Abilene Christian University,http://www.acu.edu
Alamo Colleges,http://www.alamo.edu
Alvin Community College,http://www.alvincollege.edu
Angelo State University,http://www.angelo.edu
Austin Community College District,http://www.austincc.edu
Austin College,http://www.austincollege.edu
Austin Graduate School of Theology,http://www.austingrad.edu
Baylor University,http://www.baylor.edu
Blinn College,http://www.blinn.edu
Brazosport College,http://www.brazosport.edu
Brookhaven College,http://www.brookhavencollege.edu
Baptist Health System School of Health Professions,http://www.bshp.edu
Career Point College,http://www.careerpointcollege.edu
Cedar Valley College,http://www.cedarvalleycollege.edu
Coastal Bend College,http://www.coastalbend.edu
College of the Mainland,http://www.com.edu
Concordia University Texas,http://www.concordia.edu
Central Texas College,http://www.ctcd.edu
Culinary Institute LeNotre,http://www.culinaryinstitute.edu
Dallas Baptist University,http://www.dbu.edu
Del Mar College,http://www.delmar.edu
Dallas Nursing Institute,http://www.dni.edu
El Paso Community College,http://www.epcc.edu
East Texas Baptist University,http://www.etbu.edu
Galen College of Nursing,http://www.galencollege.edu
Galveston College,http://www.gc.edu
Grayson College,http://www.grayson.edu
Houston Baptist University,http://www.hbu.edu
Houston Community College,http://www.hccs.edu
Hill College,http://www.hillcollege.edu
Howard College,http://www.howardcollege.edu
Howard Payne University,http://www.hputx.edu
Lamar University,http://www.lamar.edu
Lamar State College - Port Arthur,http://www.lamarpa.edu
Lubbock Christian University,http://www.lcu.edu
LeTourneau University,http://www.letu.edu
Lamar Institute of Technology,http://www.lit.edu
Lone Star College System,http://www.lonestar.edu
Lamar State College - Orange,http://www.lsco.edu
McLennan Community College,http://www.mclennan.edu
McMurry University,http://www.mcm.edu
Midland College,http://www.midland.edu
Midwestern State University,http://www.mwsu.edu
National American University,http://www.national.edu
North Central Texas College,http://www.nctc.edu
North American University,http://www.northamerican.edu
North Lake College,http://www.northlakecollege.edu
Odessa College,http://www.odessa.edu
Ogle School,http://www.ogleschool.edu
Our Lady of the Lake University,http://www.ollusa.edu
Panola College,http://www.panola.edu
Patty Hands Shelton School of Nursing,http://www.phssn.edu
Prairie View A&M University,http://www.pvamu.edu
Rice University,http://www.rice.edu
Richland College,http://www.richlandcollege.edu
San Jacinto College,http://www.sanjac.edu
Schreiner University,http://www.schreiner.edu
Stephen F. Austin State University,http://www.sfasu.edu
Sam Houston State University,http://www.shsu.edu
Southern Methodist University,http://www.smu.edu
South Plains College,http://www.southplainscollege.edu
South Texas College,http://www.southtexascollege.htp
Southwestern University,http://www.southwestern.edu
Seminary of the Southwest,http://www.ssw.edu
South Texas College of Law,http://www.stcl.edu
Saint Edward's University,http://www.stedwards.edu
Saint Mary's University,http://www.stmarytx.edu
University of Saint Thomas,http://www.stthom.edu
Texas A&M Health Science Center,http://www.tamhsc.edu
Texas A&M International University,http://www.tamiu.edu
Texas A&M University,http://www.tamu.edu
Texas A&M University Commerce,http://www.tamuc.edu
Texas A&M University Corpus Christi,http://www.tamucc.edu
Texas A&M University Kingsville,http://www.tamuk.edu
Texas A&M University Texarkana,http://www.tamut.edu
Tarleton State University,http://www.tarleton.edu
Texas Christian University,http://www.tcu.edu
Temple College,http://www.templejc.edu
Tyler Junior College,http://www.tjc.edu
Trinity University,http://www.trinity.edu
Texas State Technical College,http://www.tstc.edu
Texas Southern University,http://www.tsu.edu
Texas Tech University,http://www.ttu.edu
Texas Tech University Health Sciences Center,http://www.ttuhsc.edu
Texas Woman's University,http://www.twu.edu
Texas Chiropractic College,http://www.txchiro.edu
Texas State University,http://www.txstate.edu
University of Dallas,http://www.udallas.edu
Universty of Houston,http://www.uh.edu
University of Houston Clear Lake,http://www.uhcl.edu
University of Houston Downtown,http://www.uhd.edu
University of the Incarnate Word,http://www.uiw.edu
University of Mary Hardin-Baylor,http://www.umhb.edu
University of North Texas,http://www.unt.edu
University of North Texas Health Science Center,http://www.unthsc.edu
University of Texas Arlington,http://www.uta.edu
University of Texas Brownsville,http://www.utb.edu
University of Texas Dallas,http://www.utdallas.edu
University of Texas at El Paso,http://www.utep.edu
University of Texas at Austin,http://www.utexas.edu
University of Texas Health Science Center Houston,http://www.uth.edu
University of Texas Health Science Center San Antonio,http://www.uthscsa.edu
University of Texas Medical Branch at Galveston,http://www.utmb.edu
University of Texas Pan American,http://www.utpa.edu
University of Texas of the Permian Basin,http://www.utpb.edu
University of Texas at San Antonio,http://www.utsa.edu
University of Texas Southwestern Medical Center,http://www.utsouthwestern.edu
University of Texas at Tyler,http://www.uttyler.edu
Valley Grande Institute,http://www.vgi.edu
Victoria College,http://www.victoriacollege.edu
Wayland Baptist University,http://www.wbu.edu
Weatherford College,http://www.wc.edu
West Texas A&M University,http://www.wtamu.edu
University of the Virgin Islands,http://www.uvi.edu
Brigham Young University,http://www.byu.edu
Dixie State University,http://www.dixie.edu
Salt Lake Community College,http://www.slcc.edu
Snow College,http://www.snow.edu
Southern Utah University,http://www.suu.edu
Utah State University,http://www.usu.edu
University of Utah,http://www.utah.edu
Utah Valley University,http://www.uvu.edu
Weber State University,http://www.weber.edu
Averett University,http://www.averett.edu
Christendom College,http://www.christendom.edu
Christopher Newport University,http://www.cnu.edu
Dabney S. Lancaster Community College,http://www.dslcc.edu
Eastern Mennonite University,http://www.emu.edu
Eastern Virginia Medical School,http://www.evms.edu
Ferrum College,http://www.ferrum.edu
Germanna Community College,http://www.germanna.edu
George Mason University,http://www.gmu.edu
Hampden-Sydney College,http://www.hsc.edu
The Institute for the Psychological Sciences,http://www.ipsciences.edu
James Madison University,http://www.jmu.edu
Liberty University,http://www.liberty.edu
Longwood University,http://www.longwood.edu
Marymount University,http://www.marymount.edu
New River Community College,http://www.nr.edu
Norfolk State University,http://www.nsu.edu
Northern Virginia Community College,http://www.nvcc.edu
Old Dominion University,http://www.odu.edu
Radford University,http://www.radford.edu
Randolph College,http://www.randolphcollege.edu
Rappahannock Community College,http://www.rappahannock.edu
Regent University,http://www.regent.edu
Reynolds Community College,http://www.reynolds.edu
University of Richmond,http://www.richmond.edu
Randolph-Macon College,http://www.rmc.edu
Roanoke College,http://www.roanoke.edu
Sentara College of Health Sciences,http://www.sentara.edu
Stratford University,http://www.stratford.edu
Shenandoah University,http://www.su.edu
Southern Virgina University,http://www.svu.edu
Southwest Virgina Community College,http://www.sw.edu
Tidewater Community College,http://www.tcc.edu
Thomas Nelson Community College,http://www.tncc.edu
University of Mary Washington,http://www.umw.edu
University of Virginia's College at Wise,http://www.uvawise.edu
Virginia's Community Colleges,http://www.vccs.edu
Virginia Commonwealth University,http://www.vcu.edu
Virgina Highlands Community College,http://www.vhcc.edu
Virginia Institute of Marine Science,http://www.vims.edu
University of Virginia,http://www.virginia.edu
Virginia Western Community College,http://www.virginiawestern.edu
Virginia International University,http://www.viu.edu
Virginia State University,http://www.vsu.edu
Virginia Polytechnic Institute and State University,http://www.vt.edu
Virginia Union University,http://www.vuu.edu
Virginia Wesleyan College,http://www.vwc.edu
Washington and Lee University,http://www.wlu.edu
The College of William and Mary,http://www.wm.edu
Castleton State College of Vermont,http://www.castleton.edu
Champlain College,http://www.champlain.edu
Green Mountain College,http://www.greenmtn.edu
Johnson State College,http://www.jsc.edu
Middlebury College,http://www.middlebury.edu
New England Culinary Institute,http://www.neci.edu
Norwich University,http://www.norwich.edu
School for International Training,http://www.sit.edu
Saint Michael's College,http://www.smcvt.edu
University of Vermont,http://www.uvm.edu
University of Vermont,http://www.uvm.edu
Vermont Law School,http://www.vermontlaw.edu
Vermont Technical College,http://www.vtc.edu
Bennington College,http://www.bennington.edu
Bellevue College,http://www.bellevuecollege.edu
Big Bend Community College,http://www.bigbend.edu
Cascadia Community College,http://www.cascadia.edu
Centralia College,http://www.centralia.edu
Charter College,http://www.chartercollege.edu
Clark College,http://www.clark.edu
Central Washington University,http://www.cwu.edu
DigiPen Institute of Technology,http://www.digipen.edu
Edmonds Community College,http://www.edcc.edu
Everett Community College,http://www.everettcc.edu
The Evergreen State College,http://www.evergreen.edu
Eastern Washington University,http://www.ewu.edu
Faith Evangelical College and Seminary,http://www.faithseminary.edu
Gonzaga University,http://www.gonzaga.edu
Green River Community College,http://www.greenriver.edu
Highline College,http://www.highline.edu
Mukogawa Fort Wright Institute,http://www.mfwi.edu
North Seattle College,http://www.northseattle.edu
Olympic College,http://www.olympic.edu
Peninsula College,http://www.pencol.edu
Perry Technical Institute,http://www.perrytech.edu
Pacific Lutheran University,http://www.plu.edu
Renton Technical College,http://www.rtc.edu
Seattle Central College,http://www.seattlecentral.edu
Seattle University,http://www.seattleu.edu
Shoreline Community College,http://www.shoreline.edu
Seattle Institute of Oriental Medicine,http://www.siom.edu
Skagit Valley College,http://www.skagit.edu
South Seattle College,http://www.southseattle.edu
Spokane Falls Community College,http://www.spokanefalls.edu
Seattle Pacific University,http://www.spu.edu
Saint Martin's University,http://www.stmartin.edu
University of Puget Sound,http://www.pugetsound.edu
University of Washington,http://www.uw.edu
University of Washington Bothell,http://www.uwb.edu
Walla Walla University,http://www.wallawalla.edu
Whitman College,http://www.whitman.edu
Whitworth University,http://www.whitworth.edu
Washington State University,http://www.wsu.edu
Wenatchee Valley College,http://www.wvc.edu
Walla Walla Community College,http://www.wwcc.edu
Western Washington University,http://www.wwu.edu
Yakima Valley Community College,http://www.yvcc.edu
University of Washington,http://www.washington.edu
Alverno College,http://www.alverno.edu
Carroll University,http://www.carrollu.edu
Carthage College,http://www.carthage.edu
Chippewa Valley Technical College,http://www.cvtc.edu
Edgewood College,http://www.edgewood.edu
Gateway Technical College,http://www.gtc.edu
The Institute of Beauty and Wellness,http://www.ibw.edu
Lawrence University,http://www.lawrence.edu
Madison Area Technical College,http://www.madisoncollege.edu
Marquette University,http://www.marquette.edu
Milwaukee Area Technical College,http://www.matc.edu
Medical College of Wisconsin,http://www.mcw.edu
Milwaukee Institute of Art and Design,http://www.miad.edu
Moraine Park Technical College,http://www.morainepark.edu
Milwaukee School of Engineering,http://www.msoe.edu
Northland College,http://www.northland.edu
Northcentral Technical College,http://www.ntc.edu
Northeast Wisconsin Technical College,http://www.nwtc.edu
Silver Lake College of the Holy Family,http://www.sl.edu
Saint Norbert College,http://www.snc.edu
Cardinal Stritch University,http://www.stritch.edu
University of Wisconsin Colleges,http://www.uwc.edu
University of Wisconsin Eau Claire,http://www.uwec.edu
University of Wisconsin Extension,http://www.uwex.edu
University of Wisconsin Green Bay,http://www.uwgb.edu
University of Wisconsin La Crosse,http://www.uwlax.edu
University of Wisconsin Milwaukee,http://www.uwm.edu
University of Wisconsin Oshkosh,http://www.uwosh.edu
University of Wisconsin Platteville,http://www.uwplatt.edu
University of Wisconsin River Falls,http://www.uwrf.edu
University of Wisconsin Stevens Point,http://www.uwsp.edu
University of Wisconsin Superior,http://www.uwsuper.edu
University of Wisconsin Whitewater,http://www.uww.edu
Viterbo University,http://www.viterbo.edu
Waukesha County Technical College,http://www.wctc.edu
"University of Wisconsin, Madison",http://www.wisc.edu
Wisconsin Indianhead Technical College,http://www.witc.edu
Wisconsin Lutheran College,http://www.wlc.edu
Wisconsin Technical College System,http://www.wtcsystem.edu
Western Technical College,http://www.westerntc.edu
American Public University System,http://www.apus.edu
Concord University,http://www.concord.edu
Eastern West Virgina Community and Technical College,http://www.easternwv.edu
Fairmont State University,http://www.fairmontstate.edu
Marshall University,http://www.marshall.edu
Ohio Valley University,http://www.ovu.edu
Pierpont Community and Technical College,http://www.pierpont.edu
Shepherd University,http://www.shepherd.edu
University of Charleston,http://www.ucwv.edu
West Liberty University,http://www.westliberty.edu
Wheeling Jesuit University,http://www.wju.edu
West Virginia Northern Community College,http://www.wvncc.edu
West Virginia State University,http://www.wvstateu.edu
West Virginia University,http://www.wvu.edu
West Virginia Wesleyan College,http://www.wvwc.edu
Casper College,http://www.caspercollege.edu
Central Wyoming College,http://www.cwc.edu
National Outdoor Leadership School,http://www.nols.edu
Northwest College,http://www.northwestcollege.edu
Northern Wyoming Community College District,http://www.sheridan.edu
University of Wyoming,http://www.uwyo.edu