School Name,URL
University of Alaska,http://alaska.edu
Alaska Christian College,http://alaskacc.edu
National Park Community College,http://npcc.edu
University of Alaska Fairbanks,http://uaf.edu
University of Arkansas - Fort Smith,http://uafs.edu
Alabama A&M University,http://aamu.edu
Athens State University,http://athens.edu
Auburn University,http://auburn.edu
Auburn University at Montgomery,http://aum.edu
Birmingham-Southern College,http://bsc.edu
Calhoun Community College,http://calhoun.edu
Enterprise State Community College,http://escc.edu
Faulkner State Community College,http://faulknerstate.edu
Gadsden State Community College,http://gadsdenstate.edu
Huntingdon College,http://huntingdon.edu
Jacksonville State University,http://jsu.edu
Lurleen B. Wallace Community College,http://lbwcc.edu
University of Montevallo,http://montevallo.edu
Northeast Alabama Community College,http://nacc.edu
Northwest-Shoals Community College,http://nwscc.edu
Oakwood University,http://oakwood.edu
Samford University,http://samford.edu
Southeastern Bible College,http://sebc.edu
University of South Alabama,http://southalabama.edu
Trenholm State Technical College,http://trenholmstate.edu
Troy University,http://troy.edu
Tuskegee University,http://tuskegee.edu
University of Alabama,http://ua.edu
University of Alabama at Birmingham,http://uab.edu
University of Alabama in Huntsville,http://uah.edu
University of North Alabama,http://una.edu
Snead State Community College,http://snead.edu
Arkansas Northeastern College,http://anc.edu
Arkansas State University,http://astate.edu
Arkansas Tech University,http://atu.edu
Central Baptist College,http://cbc.edu
Harding University,http://harding.edu
Hendrix College,http://hendrix.edu
Henderson State University,http://hsu.edu
John Brown University,http://jbu.edu
Lyon College,http://lyon.edu
Mid-South Community College,http://midsouthcc.edu
North Arkansas College,http://northark.edu
Northwest Arkansas Community College,http://nwacc.edu
Northwest Technical Institute,http://nwti.edu
Ouachita Baptist University,http://obu.edu
University of the Ozarks,http://ozarks.edu
Phillips Community College U of A,http://pccua.edu
Pulaski Technical College,http://pulaskitech.edu
Southern Arkansas University Magnolia,http://saumag.edu
Southeast Arkansas College,http://seark.edu
University of Arkansas Community College Batesville,http://uaccb.edu
University of Arkansas at Little Rock,http://ualr.edu
University of Arkansas for Medical Sciences,http://uams.edu
University of Arkansas at Pine Bluff,http://uapb.edu
University of Arkansas,http://uark.edu
University of Central Arkansas,http://uca.edu
Williams Baptist College,http://wbcoll.edu
University of Arizona,http://arizona.edu
Arizona State University,http://asu.edu
Arizona Western College,http://azwestern.edu
Bryan University,http://bryanuniversity.edu
Central Arizona College,http://centralaz.edu
Glendale Community College,http://gccaz.edu
Grand Canyon University,http://gcu.edu
Maricopa Community Colleges,http://maricopa.edu
Mesa Community College,http://mesacc.edu
Northern Arizona University,http://nau.edu
Northland Pioneer College,http://npc.edu
University of Phoenix,http://phoenix.edu
Phoenix College,http://phoenixcollege.edu
Pima Community College,http://pima.edu
Prescott College,http://prescott.edu
Rio Salado College,http://riosalado.edu
South Mountain Community College,http://southmountaincc.edu
University of Advancing Technology,http://uat.edu
Yavapai College,http://yc.edu
Academy of Arts University,http://academyart.edu
Adance Computing Institute,http://advancedcomputinginstitute.edu
Acupuncture & Integrative Medicine College,http://aimc.edu
Alliant International University,http://alliant.edu
Allied American University,http://allied.edu
Anaheim University,http://anaheim.edu
Angeles College,http://angelescollege.edu
Antioch University Los Angeles,http://antiochla.edu
Argosy University,http://argosy.edu
Art Center College of Design,http://artcenter.edu
The Art Institute,http://artinstitutes.edu
Ashford University,http://ashford.edu
ATI College,http://ati.edu
Antelope Valley College,http://avc.edu
Bakersfield College,http://bakersfieldcollege.edu
Barstow Community College,http://barstow.edu
Berkeley University of California,http://berkeley.edu
Berkeley City College,http://berkeleycitycollege.edu
Brandman University,http://brandman.edu
Butte College,http://butte.edu
Cabrillo College,http://cabrillo.edu
California Institute of the Arts,http://calarts.edu
California Baptist University,http://calbaptist.edu
California Lutheran University,http://callutheran.edu
California Miramar University,http://calmu.edu
California Polytechnic State University,http://calpoly.edu
California State University,http://calstate.edu
California Institute of Technology,http://caltech.edu
Canada College,http://canadacollege.edu
College of the Canyons,http://canyons.edu
California College of the Arts,http://cca.edu
California Community Colleges Chanellor's Office,http://cccco.edu
City College of San Francisco,http://ccsf.edu
Cerritos College,http://cerritos.edu
Cerro Coso Community College,http://cerrocoso.edu
Claremont Graduate University,http://cgu.edu
Chaffey College,http://chaffey.edu
Chapman University,http://chapman.edu
California Institute of Integral Studies,http://ciis.edu
Citrus College,http://citruscollege.edu
The Claremont Colleges,http://claremont.edu
Claremont McKenna College,http://cmc.edu
Copper Mountain College,http://cmccd.edu
Cogswell Polytechnical College,http://cogswell.edu
College of San Mateo,http://collegeofsanmateo.edu
College of the Desert,http://collegeofthedesert.edu
El Camino College Compton Center,http://compton.edu
Contra Costa College,http://contracosta.edu
College of the Sequoias,http://cos.edu
Crafton Hills College,http://craftonhills.edu
California State University Bakersfield,http://csub.edu
California State University Channel Islands,http://csuci.edu
California State University Dominguez Hills,http://csudh.edu
California State University East Bay,http://csueastbay.edu
Fresno State,http://fresnostate.edu
California State University Long Beach,http://csulb.edu
California State University Monterey Bay,http://csumb.edu
California State University Northridge,http://csun.edu
California State Polytechnic University Pomona,http://csupomona.edu
California State University Sacramento,http://csus.edu
California State University San Bernardino,http://csusb.edu
California State University San Marcos,http://csusm.edu
California State University Stanislaus,http://csustan.edu
Cuesta College,http://cuesta.edu
Cuyamaca College,http://cuyamaca.edu
California Western School of Law San Diego,http://cwsl.edu
Cypress College,http://cypresscollege.edu
DeAnza College,http://deanza.edu
San Joaquin Delta College,http://deltacollege.edu
Dominican University of California,http://dominican.edu
Dominican School of Philosophy and Theology,http://dspt.edu
Diablo Valley College,http://dvc.edu
East Los Angeles College,http://elac.edu
El Camino College,http://elcamino.edu
Ex'pression College,http://expression.edu
Foothill-De Anza Community College District,http://fhda.edu
Fashion Institute of Design & Merchandising,http://fidm.edu
Fielding Graduate University,http://fielding.edu
Foothill College,http://foothill.edu
Fresno Pacific University,http://fresno.edu
Fresno City College,http://fresnocitycollege.edu
Frederick Taylor University,http://ftu.edu
Fullerton College,http://fullcoll.edu
Fuller Theological Seminary,http://fuller.edu
California State University Fullerton,http://fullerton.edu
Gavilan College,http://gavilan.edu
Golden Gate Baptist Theological Seminary,http://ggbts.edu
Glendale Community College,http://glendale.edu
Gnomon School of Visual Effects,http://gnomon.edu
Columbia College,http://gocolumbia.edu
Golden West College,http://goldenwestcollege.edu
Grossmont College,http://grossmont.edu
Allan Hancock College,http://hancockcollege.edu
Hartnell College,http://hartnell.edu
Henley-Putnam University,http://henley-putnam.edu
Harvey Mudd College,http://hmc.edu
Holy Names University,http://hnu.edu
Humboldt State University,http://humboldt.edu
Humphreys College,http://humphreys.edu
Imperial Valley College,http://imperial.edu
International Sports Sciences Association,http://issaonline.edu
International Technological University,http://itu.edu
Irvine Valley College,http://ivc.edu
William Jessup University,http://jessup.edu
John F. Kennedy University,http://jfku.edu
Keck Graduate Institute,http://kgi.edu
Mount Saint Mary's College,http://la.edu
Los Angeles Community College District,http://laccd.edu
Los Angeles City College,http://lacitycollege.edu
Los Angeles Harbor College,http://lahc.edu
Los Angeles Mission College,http://lamission.edu
Laney College,http://laney.edu
Los Angeles Southwest College,http://lasc.edu
La Sierra University,http://lasierra.edu
Las Positas College,http://laspositascollege.edu
Los Angeles Trade-Tech Community College,http://lattc.edu
Laurus College,http://lauruscollege.edu
Los Angeles Valley College,http://lavc.edu
University of La Verne,http://laverne.edu
UCLA School of Law,http://ucla.edu
Long Beach City College,http://lbcc.edu
Life Chiropractic College West,http://lifewest.edu
Loma Linda University,http://llu.edu
Loyola Marymount University,http://lmu.edu
Los Medanos College,http://losmedanos.edu
Los Rios Community College District,http://losrios.edu
Lake Tahoe Community College,http://ltcc.edu
College of Marin,http://marin.edu
Marymount California University,http://marymountcalifornia.edu
The Master's College,http://masters.edu
Merced Community College,http://mccd.edu
Mills College,http://mills.edu
MiraCosta College,http://miracosta.edu
Modesto Junior College,http://mjc.edu
Mount San Jacinto College,http://msjc.edu
Mount San Antonio College,http://mtsac.edu
Napa Valley College,http://napavalley.edu
Notre Dame de Namur University,http://ndnu.edu
NewSchool of Architecture and Design,http://newschoolarch.edu
Norco College,http://norcocollege.edu
Naval Postgraduate School,http://nps.edu
Ohlone College,http://ohlone.edu
Orange Coast College,http://orangecoastcollege.edu
Otis College of Art and Design,http://otis.edu
Occidental College,http://oxy.edu
University of the Pacific,http://pacific.edu
Pacific College of Oriental Medicine,http://pacificcollege.edu
Palomar College,http://palomar.edu
Pasadena City College,http://pasadena.edu
Pepperdine University,http://pepperdine.edu
Peralta Community College District,http://peralta.edu
Pierce College,http://piercecollege.edu
Pitzer College,http://pitzer.edu
Pacific Lutheran Theological Seminary,http://plts.edu
Point Loma Nazarene University,http://pointloma.edu
Pomona College,http://pomona.edu
Porterville College,http://portervillecollege.edu
Pacific School of Religion,http://psr.edu
Riverside City College,http://rcc.edu
Riverside Community College District,http://rccd.edu
University of Redlands,http://redlands.edu
College of the Redwoods,http://redwoods.edu
Rio Hondo College,http://riohondo.edu
Rosemead College,http://rosemeadcollege.edu
Santa Ana College,http://sac.edu
Saddleback College,http://saddleback.edu
University of San Diego,http://sandiego.edu
Santa Rosa Junior College,http://santarosa.edu
Santa Barbara City College,http://sbcc.edu
School of Continuing Education,http://sce.edu
Scripps College,http://scrippscollege.edu
Santa Clara University,http://scu.edu
Southern California University of Health Sciences,http://scuhs.edu
San Diego City College,http://sdcity.edu
San Diego Mesa College,http://sdmesa.edu
San Diego State University,http://sdsu.edu
San Francisco State University,http://sfsu.edu
Shasta College,http://shastacollege.edu
The Institute of Buddhist Studies,http://shin-ibs.edu
Sierra College,http://sierracollege.edu
Simpson University,http://simpsonu.edu
College of the Siskiyous,http://siskiyous.edu
San Jose State University,http://sjsu.edu
Starr King School for the Ministry,http://sksm.edu
Skyline College,http://skylinecollege.edu
Santa Monica College,http://smc.edu
San Mateo County Community College,http://smccd.edu
Soka University of America,http://soka.edu
Solano Community College,http://solano.edu
Sonoma State University,http://sonoma.edu
Stanford University,http://stanford.edu
Saint Mary's College,http://stmarys-ca.edu
Taft College,http://taftcollege.edu
Touro University California,http://tu.edu
University of California Davis,http://ucdavis.edu
University of California Hastings College of the Law,http://uchastings.edu
University of California Irvine,http://uci.edu
University of California Los Angeles,http://ucla.edu
University of California Los Angeles Extension,http://uclaextension.edu
University of California Merced,http://ucmerced.edu
University of California,http://ucop.edu
University of California Press,http://ucpress.edu
University of California Riverside,http://ucr.edu
University of California Santa Barbara,http://ucsb.edu
University of California Santa Cruz,http://ucsc.edu
University of California Santa Cruz Silicon Valley Extension,http://ucsc-extension.edu
University of California San Diego,http://ucsd.edu
University of California San Francisco,http://ucsf.edu
University of California,http://universityofcalifornia.edu
University of the Pacific,http://uop.edu
University of Southern California,http://usc.edu
University of San Francisco,http://usfca.edu
San Bernardino Valley College,http://valleycollege.edu
Ventura College,http://venturacollege.edu
Victor Valley College,http://vvc.edu
West Coast Baptist College,http://wcbc.edu
Western University of Health Sciences,http://westernu.edu
Westmont College,http://westmont.edu
West Valley College,http://westvalley.edu
West Hills Community College District,http://whccd.edu
Whittier College,http://whittier.edu
West Los Angeles College,http://wlac.edu
Yuba Community College District,http://yccd.edu
Yosemite Community College District,http://yosemite.edu
Unitek College,http://unitekcollege.edu
Vanguard University,http://vanguard.edu
Southwestern College,http://swcc.edu
Monterey Institute of International Studies,http://miis.edu
Adams State University,http://adams.edu
Auraria Higher Education Center,http://ahec.edu
Aims Community College,http://aims.edu
Arapahoe Community College,http://arapahoe.edu
Community College of Aurora,http://ccaurora.edu
Community College of Denver,http://ccd.edu
Colorado Heights University,http://chu.edu
University of Colorado Boulder,http://colorado.edu
Colorado College,http://coloradocollege.edu
Colorado Mesa University,http://coloradomesa.edu
Colorado State University,http://colostate.edu
Colorado State University-Pueblo,http://colostate-pueblo.edu
University of Denver,http://du.edu
Fort Lewis College,http://fortlewis.edu
Front Range Community College,http://frontrange.edu
Jones International University,http://jiu.edu
Colorado School of Mines,http://mines.edu
Metropolitan State University of Denver,http://msudenver.edu
Naropa University,http://naropa.edu
Pikes Peak Community College,http://ppcc.edu
Pueblo Community College,http://pueblocc.edu
Redstone College,http://redstone.edu
Regis University,http://regis.edu
University of the Rockies,http://rockies.edu
Red Rocks Community College,http://rrcc.edu
William Howard Taft University,http://taft.edu
University Corporation for Atmospheric Research,http://ucar.edu
University of Colorado Colorado Springs,http://uccs.edu
University of Colorado Denver,http://ucdenver.edu
University of Northern Colorado,http://unco.edu
University of Colorado,http://cu.edu
Western State Colorado University,http://western.edu
Albertus Magnus College,http://albertus.edu
Asnuntuck Community College,http://asnuntuck.edu
Connecticut College,http://conncoll.edu
Eastern Connecticut State University,http://easternct.edu
Fairfield University,http://fairfield.edu
Goodwin College,http://goodwin.edu
University of Hartford,http://hartford.edu
Hartford Seminary,http://hartsem.edu
University of New Haven,http://newhaven.edu
Queens University of Charlotte,http://quinnipiac.edu
Quinebaug Valley Community College,http://qvcc.edu
Sacred Heart University,http://sacredheart.edu
Southern Connecticut State University,http://southernct.edu
Three Rivers Community College,http://threerivers.edu
Trinity College,http://trincoll.edu
Tunxis Community College,http://tunxis.edu
University of Connecticut Health Center,http://uchc.edu
University of Connecticut,http://uconn.edu
University of Saint Joseph Connecticut,http://usj.edu
Western Connecticut State University,http://wcsu.edu
Wesleyan University,http://wesleyan.edu
Yale University,http://yale.edu
American University,http://american.edu
Carnegie Institution for Science,http://carnegiescience.edu
The Catholic University of America,http://cua.edu
Gallaudet University,http://gallaudet.edu
Georgetown University,http://georgetown.edu
The George Washington University,http://gwu.edu
Howard University,http://howard.edu
Johns Hopkins School of Advanced International Studies,http://sais-jhu.edu
University of California Washington Center,http://ucdc.edu
University of the District of Columbia,http://udc.edu
Delaware State University,http://desu.edu
Delaware Technical Community College,http://dtcc.edu
Goldey-Beacom College,http://gbc.edu
University of Delaware,http://udel.edu
Wesley College,http://wesley.edu
Wilmington University,http://wilmu.edu
Carlos Albizu University,http://albizu.edu
Acupuncture Massage College,http://amcollege.edu
Atlantic Institute of Oriental Medicine,http://atom.edu
Barry University,http://barry.edu
Broward College,http://broward.edu
College of Central Florida,http://cf.edu
Chipola College,http://chipola.edu
Bethune-Cookman University,http://cookman.edu
Dade Medical College,http://dadmedical.edu
Daytona State College,http://daytonastate.edu
Eckerd College,http://eckerd.edu
Edison State College,http://edison.edu
Embry-Riddle Aeronautical University,http://erau.edu
Everglades University,http://evergladesuniversity.edu
Florida Atlantic University,http://fau.edu
Florida Gulf Coast University,http://fgcu.edu
Florida Institute of Technology,http://fit.edu
Florida International University,http://fiu.edu
Flagler College,http://flagler.edu
Florida Southern College,http://flsouthern.edu
Florida National University,http://fnu.edu
Florida State College at Jacksonville,http://fscj.edu
Florida State University,http://fsu.edu
Gulf Coast State College,http://gulfcoast.edu
Hillsborough Community College,http://hccfl.edu
Jacksonville University,http://ju.edu
Keiser University,http://keiseruniversity.edu
Loraines Academy Incorporated,http://lorainesacademy.edu
Lake Sumter State College,http://lssc.edu
Lynn University,http://lynn.edu
Millennia Atlantic University,http://maufl.edu
Miami Dade College,http://mdc.edu
University of Miami,http://miami.edu
Miami International University of Art and Design,http://mymiu.edu
New College of Florida,http://ncf.edu
North Florida Community College,http://nfcc.edu
Nova Southeastern University,http://nova.edu
National University of Health Sciences,http://nuhs.edu
Northwest Florida State College,http://nwfsc.edu
Palm Beach State College,http://palmbeachstate.edu
Palm Beach Atlantic University,http://pba.edu
Pensacola State College,http://pensacolastate.edu
Pasco-Hernando State College,http://phsc.edu
Ringling College of Art and Design,http://ringling.edu
Rollins College,http://rollins.edu
Saint Leo University,http://saintleo.edu
State College of Florida,http://scf.edu
Seminole State College of Florida,http://seminolestate.edu
Santa Fe College,http://sfcollege.edu
South Florida State College,http://southflorida.edu
Space Coast Health Institute,http://spacecoast.edu
Saint Petersburg College,http://spcollege.edu
Stetson University,http://stetson.edu
Saint Thomas University,http://stu.edu
Saint Vincent de Paul Regional Seminary,http://svdp.edu
Traviss Career Center,http://traviss.edu
University of Central Florida,http://ucf.edu
University of Florida,http://ufl.edu
University of North Florida,http://unf.edu
University of South Florida,http://usf.edu
University of South Florida Sarasota-Manatee,http://usfsm.edu
University of South Florida Saint Petersburg,http://usfsp.edu
University of Tampa,http://ut.edu
University of West Florida,http://uwf.edu
Valencia College,http://valenciacollege.edu
Warner University,http://warner.edu
Webber International University,http://webber.edu
Agnes Scott College,http://agnesscott.edu
Albany Technical College,http://albanytech.edu
Armstrong Atlantic State University,http://armstrong.edu
Atlanta Technical College,http://atlantatech.edu
Atlanta Metropolitan State College,http://atlm.edu
Berry College,http://berry.edu
Carver College,http://carver.edu
Child Care Education Institute,http://cceionline.edu
Central Georgia Technical College,http://centralgatech.edu
Clayton State University,http://clayton.edu
Columbus State University,http://columbusstate.edu
Columbus Technical College,http://columbustech.edu
Covenant College,http://covenant.edu
Dalton State,http://daltonstate.edu
Darton State College,http://darton.edu
East Georgia State College,http://ega.edu
Emory University,http://emory.edu
Georgia Institute of Technology,http://gatech.edu
Georgia College,http://gcsu.edu
Georgia Southern University,http://georgiasouthern.edu
Georgia Gwinnett College,http://ggc.edu
Georgia Perimeter College,http://gpc.edu
Georgia Regents University Augusta,http://gru.edu
Georgia State University,http://gsu.edu
Georgia South Western State University,http://gsw.edu
Interactive College of Technology,http://ict.edu
Atlanta's John Marshall Law School,http://johnmarshall.edu
Kennesaw State University,http://kennesaw.edu
Lanier Technical College,http://laniertech.edu
Life University,http://life.edu
Mercer University,http://mercer.edu
Middle Georgia State College,http://mga.edu
Morehouse College,http://morehouse.edu
Morehouse School of Medicine,http://msm.edu
North Georgia Technical College,http://northgatech.edu
Oglethorpe University,http://oglethorpe.edu
Okefenokee Technical College,http://okefenokeetech.edu
Paine College,http://paine.edu
Pfeiffer University,http://pfeiffer.edu
Piedmont College,http://piedmont.edu
Reinhardt University,http://reinhardt.edu
Savannah State University,http://savannahstate.edu
Savannah College of Art and Design,http://scad.edu
Shorter University,http://shorter.edu
Southeastern Technical College,http://southeasterntech.edu
Spelman College,http://spelman.edu
Southern Polytechnic State University,http://spsu.edu
Thomas University,http://thomasu.edu
University of Georgia,http://uga.edu
University of North Georgia,http://ung.edu
University System of Georgia,http://usg.edu
Valdosta State University,http://valdosta.edu
University of West Georgia,http://westga.edu
Wiregrass Georgia Technical College,http://wiregrass.edu
Brigham Young University Hawaii,http://byuh.edu
Chaminade University,http://chaminade.edu
University of Hawaii at Manoa,http://hawaii.edu
Mid-Pacific Institute,http://midpac.edu
AIB College of Business,http://aib.edu
Central College,http://central.edu
Coe College,http://coe.edu
Cornell College,http://cornellcollege.edu
Des Moines Area Community College,http://dmacc.edu
Dordt College,http://dordt.edu
Drake University,http://drake.edu
Divine Word College,http://dwci.edu
Eastern Iowa Community Colleges,http://eicc.edu
Grinnell College,http://grinnell.edu
Hawkeye Community College,http://hawkeyecollege.edu
Iowa State University,http://iastate.edu
Iowa Central Community College,http://iowacentral.edu
Iowa Wesleyan College,http://iwc.edu
Iowa Western Community College,http://iwcc.edu
Kaplan University,http://kaplanuniversity.edu
Kirkwood Community College,http://kirkwood.edu
La' James College,http://lajames.edu
Loras College,http://loras.edu
Luther College,http://luther.edu
Maharishi University of Management,http://mum.edu
Northeast Iowa Community College,http://nicc.edu
Palmer College of Chiropractic,http://palmer.edu
Saint Ambrose University,http://sau.edu
Simpson College,http://simpson.edu
Southwestern Community College,http://swcciowa.edu
Univeristy of Iowa,http://uiowa.edu
Upper Iowa University,http://uiu.edu
University of Northern Iowa,http://uni.edu
Wartburg College,http://wartburg.edu
Waldorf College,http://waldorf.edu
Boise State University,http://boisestate.edu
Brigham Young University Idaho,http://byui.edu
The College of Idaho,http://collegeofidaho.edu
College of Southern Idaho,http://csi.edu
Idaho State University,http://isu.edu
University of Idaho,http://uidaho.edu
Augustana College,http://augustana.edu
Aurora University,http://aurora.edu
Benedictine University,http://ben.edu
Bradley University,http://bradley.edu
City Colleges of Chicago,http://ccc.edu
The University of Chicago Booth School of Business,http://chicagobooth.edu
College of Lake County,http://clcillinois.edu
College of DuPage,http://cod.edu
Columbia College Chicago,http://colum.edu
Danville Area Community College,http://dacc.edu
DePaul University,http://depaul.edu
Dominican University,http://dom.edu
Eastern Illinois University,http://eiu.edu
Elmhurst College,http://elmhurst.edu
Governors State,http://govst.edu
Greenville College,http://greenville.edu
The Hadley School for the Blind,http://hadley.edu
Harper College,http://harpercollege.edu
Heartland Community College,http://heartland.edu
Illinois Central College,http://icc.edu
Illinois College of Optometry,http://ico.edu
Illinois Institute of Technology,http://iit.edu
University of Illinois at Urbana-Champaign,http://illinois.edu
Illinois State University,http://illinoisstate.edu
Illinois Mathematics and Science Academy,http://imsa.edu
Illinois Valley Community College,http://ivcc.edu
Illinois Wesleyan University,http://iwu.edu
John A. Logan College,http://jalc.edu
Joliet Junior College,http://jjc.edu
The John Marshall Law School,http://jmls.edu
Judson University,http://judsonu.edu
Kaskaskia College,http://kaskaskia.edu
Kankakee Community College,http://kcc.edu
IIT Chicago-Kent College of Law,http://iit.edu
Kishwaukee College,http://kishwaukeecollege.edu
Knox College,http://knox.edu
Lake Forest College,http://lakeforest.edu
Lakeview College of Nursing,http://lakeviewcol.edu
Lewis and Clark Community College,http://lc.edu
Lewis University,http://lewisu.edu
Lincoln Land Community College,http://llcc.edu
Loyola University Chicago,http://luc.edu
Midwestern Career College,http://mccollege.edu
McHenry County College,http://mchenry.edu
McKendree University,http://mckendree.edu
Midwestern University,http://midwestern.edu
Monmouth College,http://monmouthcollege.edu
Moraine Valley Community College,http://morainevalley.edu
Morton College,http://morton.edu
Northeastern Illinois University,http://neiu.edu
Northern Illinois University,http://niu.edu
National Louis University,http://nl.edu
North Park University,http://northpark.edu
Northwestern University,http://northwestern.edu
Oakton Community College,http://oakton.edu
Olivet Nazarene University,http://olivet.edu
Chicago ORT Technical Institute,http://ortchicagotech.edu
Parkland College,http://parkland.edu
Prairie State College,http://prairiestate.edu
Principia College,http://principiacollege.edu
Resurrection University,http://resu.edu
Robert Morris University Illinois,http://robertmorris.edu
Rockford University,http://rockford.edu
Rock Valley College,http://rockvalleycollege.edu
Roosevelt University,http://roosevelt.edu
Rosalind Franklin University,http://rosalindfranklin.edu
Saint Anthony College of Nursing,http://sacn.edu
School of the Art Institute of Chicago,http://saic.edu
Saint Francis Medical Center College of Nursing,http://sfmccon.edu
Shawnee Community College,http://shawneecc.edu
Southeastern Illinois College,http://sic.edu
Southern Illinois University,http://siu.edu
Southern Illinois University Edwardsville,http://siue.edu
Spoon River College,http://src.edu
South Suburban College,http://ssc.edu
University of Saint Francis,http://stfrancis.edu
Southwestern Illinois College,http://swic.edu
Saint Xavier University,http://scu.edu
Trinity Christian College,http://trnty.edu
University of Chicago,http://uchicago.edu
University of Illinois at Chicago,http://uic.edu
University of Illinois,http://uillinois.edu
University of Illinois Springfield,http://uis.edu
University of Illinois at Urbana-Champaign,http://illinois.edu
Waubonsee Community College,http://waubonsee.edu
Wheaton College,http://wheaton.edu
Western Illinois University,http://wiu.edu
Saint John's College,http://stjohnscollegespringfield.edu
Anabaptist Mennonite Biblical Seminary,http://ambs.edu
Anderson University,http://anderson.edu
Bethel College Indiana,http://bethelcollege.edu
Brown Mackie College,http://brownmackie.edu
Ball State University,http://bsu.edu
Butler University,http://butler.edu
DePauw University,http://depauw.edu
Earlham College,http://earlham.edu
University of Evansville,http://evansville.edu
Goshen College,http://goshen.edu
Grace College and Seminary,http://grace.edu
Hanover College,http://hanover.edu
Harrison College,http://harrison.edu
Holy Cross College,http://hcc-nd.edu
Indiana University,http://indiana.edu
Indiana State University,http://indstate.edu
Indiana Wesleyan University,http://indwes.edu
Indiana University - Purdue University Fort Wayne,http://ipfw.edu
Indiana University,http://iu.edu
Indiana University Bloomington,http://iub.edu
Indiana University East,http://iue.edu
Indiana University Northwest,http://iun.edu
Indiana University - Purdue University Indianapolis,http://iupui.edu
Indiana University Southeast,http://ius.edu
Indiana University South Bend,http://iusb.edu
Ivy Tech Community College,http://ivytech.edu
Manchester University,http://manchester.edu
Marian University Indianapolis,http://marian.edu
University of Notre Dame,http://nd.edu
Oakland City University,http://oak.edu
Purdue University North Central,http://pnc.edu
Purdue University,http://purdue.edu
Purdue University Calumet,http://purduecal.edu
Rose-Hulman Institute of Technology,http://rose-hulman.edu
Saint Mary's College,http://saintmarys.edu
Trine University,http://trine.edu
University of Indianapolis,http://uindy.edu
University of Southern Indiana,http://usi.edu
Valparaiso University,http://valpo.edu
Wabash College,http://wabash.edu
Benedictine College,http://benedictine.edu
Butler Community College,http://butlercc.edu
Emporia State University,http://emporia.edu
Fort Hays State University,http://fhsu.edu
Flint Hills Technical College,http://fhtc.edu
Fort Scott Community College,http://fortscott.edu
Garden City Community College,http://gcccks.edu
Hesston College,http://hesston.edu
Highland Community College,http://highlandcc.edu
Johnson County Community College,http://jccc.edu
Kansas City Kansas Community College,http://kckcc.edu
Kansas State University,http://k-state.edu
The University of Kansas,http://ku.edu
McPherson College,http://mcpherson.edu
Neosho County Community College,http://neosho.edu
Newman University,http://newmanu.edu
Pittsburg State University,http://pittstate.edu
Saint Paul School of Theology and Ministry,http://spst.edu
Sterling College,http://sterling.edu
University of Saint Mary,http://stmary.edu
Washburn University,http://washburn.edu
Washburn University School of Law,http://washburnlaw.edu
Wichita State University,http://wichita.edu
Asbury University,http://asbury.edu
Bellarmine University,http://bellarmine.edu
Berea College,http://berea.edu
Centre College,http://centre.edu
Eastern Kentucky University,http://eku.edu
Frontier Nursing University,http://frontier.edu
Georgetown College,http://georgetowncollege.edu
Kentucky Community and Technical College System,http://kctcs.edu
Kentucky Christian University,http://kcu.edu
Kentucky State University,http://kysu.edu
Lindsey Wilson College,http://lindsey.edu
The University of Louisville,http://louisville.edu
Midway College,http://midway.edu
Morehead State University,http://moreheadstate.edu
Murray State University,http://murraystate.edu
Northern Kentucky University,http://nku.edu
The Southern Baptist Theological Seminary,http://sbts.edu
Saint Catharine College,http://sccky.edu
Sullivan University,http://sullivan.edu
University of the Cumberlands,http://ucumberlands.edu
Western Kentucky University,http://wku.edu
Bossier Parish Community College,http://bpcc.edu
Centenary College of Louisiana,http://centenary.edu
Louisiana Tech University,http://latech.edu
Louisiana Culinary Institute,http://lci.edu
University of Louisiana Lafayette,http://louisiana.edu
Loyola University New Orleans,http://loyno.edu
Louisiana State University,http://lsu.edu
Louisiana State University - Eunice,http://lsue.edu
LSU Health Sciences Center - New Orleans,http://lsuhsc.edu
LSU Health Sciences Center - New Orleans,http://lsuhscshreveport.edu
Louisiana State University System,http://lsusystem.edu
Nicholls State University,http://nicholls.edu
New Orleans Baptist Theological Seminary,http://nobts.edu
Nunez Community College,http://nunez.edu
Southeastern Louisiana University,http://southeastern.edu
Southern University,http://subr.edu
Tulane University,http://tulane.edu
University of Louisiana at Monroe,http://ulm.edu
University of New Orleans,http://uno.edu
Xavier University of Louisiana,http://xula.edu
Amherst College,http://amherst.edu
Assumption College,http://assumption.edu
Babson College,http://babson.edu
Boston College,http://bc.edu
Bentley University,http://bentley.edu
Berklee College of Music,http://berklee.edu
Berkshire Community College,http://berkshirecc.edu
The Boston Conservatory,http://bostonconservatory.edu
Brandeis University,http://brandeis.edu
Bridgewater State University,http://bridgew.edu
Boston University,http://bu.edu
Cambridge College,http://cambridgecollege.edu
Clark University,http://clarku.edu
Curry College,http://curry.edu
Elms College,http://elms.edu
Emerson College,http://emerson.edu
Emmanuel College,http://emmanuel.edu
Endicott College,http://endicott.edu
Fitchburg State University,http://fitchburgstate.edu
Framingham State University,http://framingham.edu
Gordon Conwell Theological Seminary,http://gordonconwell.edu
Gordon College,http://gordon.edu
Hampshire College,http://hampshire.edu
Harvard University,http://harvard.edu
Harvard Business School,http://hbs.edu
College of the Holy Cross,http://holycross.edu
Lesley University,http://lesley.edu
Massachusetts Maritime Academy,http://maritime.edu
Massachusetts Department of Higher Education,http://mass.edu
Massachusetts College of Art and Design,http://massart.edu
MassBay Community College,http://massbay.edu
Marine Biological Laboratory,http://mbl.edu
Merrimack Education Center,http://mec.edu
Merrimack College,http://merrimack.edu
MGH Institute of Health Professions,http://mghihp.edu
Milton Academy,http://milton.edu
Massachusetts Institute of Technology,http://mit.edu
Montserrat College of Art,http://montserrat.edu
Mount Ida College,http://mountida.edu
Mount Holyoke College,http://mtholyoke.edu
Middlesex Community College,http://mxcc.edu
Middlesex School,http://mxschool.edu
North Bennet Street School,http://nbss.edu
New England Law - Boston,http://nesl.edu
Northeastern University,http://northeastern.edu
Olin College of Engineering,http://olin.edu
Salem State University,http://salemstate.edu
Simmons College,http://simmons.edu
Smith College,http://smith.edu
Spa Tech Institute,http://spatech.edu
Springfield College,http://springfieldcollege.edu
Springfield Technical Community College,http://stcc.edu
Suffolk University,http://suffolk.edu
Boston Architectural College,http://the-bac.edu
Tufts University,http://tufts.edu
University of Massachusetts Amherst,http://umass.edu
University of Massachusetts Dartmouth,http://umassd.edu
University of Massachusetts Medical School,http://umassmed.edu
University of Massachusetts,http://umassp.edu
University of Massachusetts Boston,http://umb.edu
University of Massachusetts Lowell,http://uml.edu
Wellesley College,http://wellesley.edu
"Wheaton College, Norton",http://wheatoncollege.edu
Wheelock College,http://wheelock.edu
Williams College,http://williams.edu
Western New England University,http://wne.edu
Worcester State University,http://worcester.edu
Worcester Polytechnic Institute,http://wpi.edu
Anne Arundel Community College,http://aacc.edu
Baltimore City Community College,http://bccc.edu
Bowie State University,http://bowiestate.edu
Carroll Community College,http://carrollcc.edu
The Community College of Baltimore County,http://ccbcmd.edu
Chesapeake College,http://chesapeake.edu
Coppin State University,http://coppin.edu
College of Southern Maryland,http://csmd.edu
Frederick Community College,http://frederick.edu
Frostburg State University,http://frostburg.edu
Garrett College,http://garrettcollege.edu
Goucher College,http://goucher.edu
Hagerstown Community College,http://hagerstowncc.edu
Harford Community College,http://harford.edu
Hood College,http://hood.edu
Howard Community College,http://howardcc.edu
Johns Hopkins Bloomberg School of Public Health,http://jhsph.edu
Johns Hopkins University,http://jhu.edu
Loyola University Maryland,http://loyola.edu
Montgomery Blair High School,http://mbhs.edu
McDaniel College,http://mcdaniel.edu
Maryland Institute College of Art,http://mica.edu
Montgomery College,http://montgomerycollege.edu
Mount Saint Mary's University,http://msmary.edu
Maryland University of Integrative Health,http://muih.edu
Prince George's Community College,http://pgcc.edu
Salisbury University,http://salisbury.edu
Sojourner-Douglass College,http://sdc.edu
Saint Mary's College of Maryland,http://smcm.edu
Saint James School,http://stjames.edu
Towson University,http://towson.edu
University of Baltimore,http://ubalt.edu
University of Maryland,http://umaryland.edu
University of Maryland Baltimore County,http://umbc.edu
University of Maryland,http://umd.edu
University of Maryland University College,http://umuc.edu
University System of Maryland,http://usmd.edu
United States Naval Academy,http://usna.edu
Washington College,http://washcoll.edu
Wor-Wic Community College,http://worwic.edu
Saint John's College,http://sjc.edu
Bates College,http://bates.edu
Bowdoin College,http://bowdoin.edu
Central Maine Community College,http://cmcc.edu
College of the Atlantic,http://coa.edu
Colby College,http://colby.edu
Husson University,http://husson.edu
Maine Maritime Academy,http://mainemaritime.edu
Northern Maine Community College,http://nmcc.edu
Saint Joseph's College,http://sjcme.edu
Southern Maine Community College,http://smccme.edu
University of Maine,http://umaine.edu
University of Maine Fort Kent,http://umfk.edu
University of Maine at Presque Isle,http://umpi.edu
University of New England,http://une.edu
Unity College,http://unity.edu
York County Community College,http://yccc.edu
University of Main at Augusta,http://uma.edu
Adrian College,http://adrian.edu
Albion College,http://albion.edu
Alma College,http://alma.edu
Alpena Community College,http://alpenacc.edu
Andrews University,http://andrews.edu
Aquinas College,http://aquinas.edu
Baker College,http://baker.edu
Bay College,http://baycollege.edu
Calvin College,http://calvin.edu
Central Michigan University,http://cmich.edu
College for Creative Studies,http://collegeforcreativestudies.edu
Cornerstone University,http://cornerstone.edu
Davenport University,http://davenport.edu
Delta College,http://delta.edu
Douglas J. Aveda Institute,http://douglasj.edu
Eastern Michigan University,http://emich.edu
Ferris State University,http://ferris.edu
Finlandia University,http://finlandia.edu
Grand Rapids Community College,http://grcc.edu
Grand Valley State University,http://gvsu.edu
Henry Ford College,http://hfcc.edu
Hillsdale College,http://hillsdale.edu
Hope College,http://hope.edu
Jackson College,http://jccmi.edu
Kettering University,http://kettering.edu
Kalamazoo Valley Community College,http://kvcc.edu
Kalamazoo College,http://kzoo.edu
Lake Michigan College,http://lakemichigancollege.edu
Lansing Community College,http://lcc.edu
Lake Superior State University,http://lssu.edu
Lawrence Technological University,http://ltu.edu
Macomb Community College,http://macomb.edu
Marygrove College,http://marygrove.edu
Monroe County Community College,http://monroeccc.edu
Michigan State University,http://msu.edu
Michigan Technological University,http://mtu.edu
Northwestern Michigan College,http://nmc.edu
Northern Michigan University,http://nmu.edu
Oakland Univeristy,http://oakland.edu
Oakland Community College,http://oaklandcc.edu
Saginaw Chippewa Tribal College,http://sagchip.edu
Saginaw Valley State University,http://svsu.edu
University of Detroit Mercy,http://udmercy.edu
University of Michigan-Flint,http://umflint.edu
University of Michigan,http://umich.edu
Wayne State,http://wayne.edu
Washtenaw Community College,http://wccnet.edu
Western Michigan University,http://wmich.edu
Alexandria Technical & Community College,http://alextech.edu
Anoka-Ramsey Community College,http://anokaramsey.edu
Augsburg College,http://augsburg.edu
Bemidji State University,http://bemidjistate.edu
Bethel University,http://bethel.edu
Carleton College,http://carleton.edu
Century College,http://century.edu
Central Lakes College,http://clcmn.edu
Concordia College,http://cord.edu
Crown College,http://crown.edu
"College of Saint Benedict, Saint John's University",http://csbsju.edu
Concordia University Saint Paul,http://csp.edu
The College of Saint Scholastica,http://css.edu
Dakota County Technical College,http://dctc.edu
Gustavus Adolphus College,http://gustavus.edu
Globe University,http://globeuniversity.edu
Hamline University,http://hamline.edu
Inver Hills Community College,http://inverhills.edu
Institute of Production and Recording,http://ipr.edu
Leech Lake Tribal College,http://lltc.edu
Luther Seminary,http://luthersem.edu
Macalester College,http://macalester.edu
McNally Smith College of Music,http://mcnallysmith.edu
Mesabi Range College,http://mesabirange.edu
Metropolitan State University,http://metrostate.edu
Minnesota State University Moorhead,http://mnstate.edu
Minnesota State University Mankato,http://mnsu.edu
North Hennepin Community College,http://nhcc.edu
Normandale Community College,http://normandale.edu
Rasmussen College,http://rasmussen.edu
Ridgewater College,http://ridgewater.edu
Southwest Minnesota State University,http://smsu.edu
Saint Mary's University of Minnesota,http://smumn.edu
South Central College,http://southcentral.edu
Saint Cloud State University,http://stcloudstate.edu
Saint Olaf College,http://stolaf.edu
University of Saint Thomas,http://stthomas.edu
University of Minnesota,http://umn.edu
United Theological Seminary of the Twin Cities,http://unitedseminary.edu
University of Northwestern Saint Paul,http://unwsp.edu
Walden University,http://waldenu.edu
Winona State Unviversity,http://winona.edu
Assemblies of God Theological Seminary,http://agts.edu
Aquinas Institute of Theology,http://ai.edu
A.T. Still University,http://atsu.edu
Avila University,http://avila.edu
Columbia College,http://ccis.edu
Central Methodist University,http://centralmethodist.edu
Crowder College,http://crowder.edu
Culver-Stockton College,http://culver.edu
Drury University,http://drury.edu
Evangel University,http://evangel.edu
Fontbonne University,http://fontbonne.edu
Hannibal-LaGrange,http://hlg.edu
Harris-Stowe State University,http://hssu.edu
Jefferson College,http://jeffco.edu
Kansas City University of Medicine and Biosciences,http://kcumb.edu
Lincoln University,http://lincolne.edu
Lindenwood University,http://lindenwood.edu
Linn State Technical College,http://linnstate.edu
Maryville University,http://maryville.edu
Metropolitan Community College,http://mcckc.edu
Mineral Area College,http://mineralarea.edu
Mizzou University of Missouri,http://missouri.edu
Missouri State University,http://missouristate.edu
Missouri Valley College,http://moval.edu
Missouri Southern State University,http://mssu.edu
Missouri University of Science and Technology,http://mst.edu
North Central Missouri College,http://ncmissouri.edu
Nazarene Theological Seminary,http://nts.edu
Northwest Missouri State University,http://nwmissouri.edu
Ozarks Technical Community College,http://otc.edu
Park University,http://park.edu
Rockhurst University,http://rockhurst.edu
Southwest Baptist University,http://sbuniv.edu
South Central Career Center,http://scccwp.edu
Southeast Missouri State University,http://semo.edu
Saint Louis University,http://slu.edu
Saint Charles Community College,http://stchas.edu
Saint Louis Community College,http://stlcc.edu
Truman State University,http://truman.edu
University of Central Missouri,http://ucmo.edu
University of Missouri Kansas City,http://umkc.edu
University of Missouri Saint Louis,http://umsl.edu
University of Missouri System,http://umsystem.edu
Webster University,http://webster.edu
"Westminster College, Missouri",http://westminster-mo.edu
Washington University in Saint Louis,http://wustl.edu
Alcorn State University,http://alcorn.edu
Belhaven University,http://belhaven.edu
Delta State University,http://deltastate.edu
East Mississippi Community College,http://eastms.edu
Jackson State University,http://jsums.edu
Mississippi Gulf Coast Community College,http://mgccc.edu
Mississippi State University,http://mssstate.edu
Northeast Mississippi Community College,http://nemcc.edu
The University of Mississippi,http://olemiss.edu
Pearl River Community College,http://prcc.edu
Reformed Theological Seminary,http://rts.edu
University of Mississippi Medical Center,http://umc.edu
University of Southern Mississippi,http://usm.edu
William Carey University,http://wmcarey.edu
Itawamba Community College,http://iccms.edu
Blackfeet Community College,http://bfcc.edu
Carroll College,http://carroll.edu
Fort Peck Community College,http://fpcc.edu
Flathead Valley Community College,http://fvcc.edu
Miles Community College,http://milescc.edu
Montana State University,http://montana.edu
Montana State University Billings,http://msubillings.edu
Montana State University - Northern,http://msun.edu
Montana Tech of the University of Montana,http://mtech.edu
Montana University System,http://mus.edu
Rocky Mountain College,http://rocky.edu
University of Montana Helena College,http://umhelena.edu
University of Montana,http://umt.edu
University of Montana Western,http://umwestern.edu
Asheville-Buncombe Technical Community College,http://abtech.edu
Alamance Community College,http://alamancecc.edu
Appalachian State University,http://appstate.edu
Bladen Community College,http://bladencc.edu
Body Therapy Institute,http://bti.edu
Campbell University,http://campbell.edu
Cape Fear Community College,http://cfcc.edu
Charlotte School of Law,http://charlottelaw.edu
Chowan University,http://chowan.edu
Central Piedmont Community College,http://cpcc.edu
Craven Community College,http://cravencc.edu
Davidson College,http://davidson.edu
Duke University,http://duke.edu
Durham Technical Community College,http://durhamtech.edu
Elizabeth City State University,http://ecsu.edu
East Carolina University,http://ecu.edu
Elon University,http://elon.edu
Fayetteville Technical Community College,http://faytechcc.edu
Forsyth Technical Community College,http://forsythtech.edu
Gardner-Webb University,http://gardner-webb.edu
Gaston College,http://gaston.edu
Guilford Technical Community College,http://gtcc.edu
Heritage Bible College,http://heritagebiblecollege.edu
High Point University,http://highpoint.edu
Isothermal Community College,http://isothermal.edu
Lenoir Community College,http://lenoircc.edu
Lees McRae College,http://lmc.edu
Methodist University,http://methodist.edu
The University of Mount Olive,http://umo.edu
Montgomery Community College,http://montgomery.edu
North Carolina Central University,http://nccu.edu
North Carolina School of Science and Mathematics,http://ncssm.edu
North Carolina State University,http://ncsu.edu
North Carolina Wesleyan College,http://ncwc.edu
New Life Theological Seminary,http://nlts.edu
University of North Carolina,http://northcarolina.edu
Piedmont Community College,http://piedmontcc.edu
Pitt Community College,http://pittcc.edu
Queens University of Charlotte,http://queens.edu
Randolph Community College,http://randolph.edu
Roanoke-Chowan Community College,http://roanokechowan.edu
Salem College,http://salem.edu
Sampson Community College,http://sampsoncc.edu
Sandhills Community College,http://sandhills.edu
Saint Andrews University,http://sapc.edu
Southeastern Community College,http://sccnc.edu
Southeastern Baptist Theological Seminary,http://sebts.edu
Shaw University,http://shawu.edu
Southwestern Community College,http://southwesterncc.edu
South Piedmont Community College,http://spcc.edu
Stanly Community College,http://stanly.edu
Saint Augustine's University,http://st-aug.edu
University of North Carolina at Chapel Hill,http://unc.edu
University of North Carolina Asheville,http://unca.edu
University of North Carolina Charlotte,http://uncc.edu
University of North Carolina Greensboro,http://uncg.edu
University of North Carolina Pembroke,http://uncp.edu
University of North Carolina School of the Arts,http://uncsa.edu
University of North Carolina Wilmington,http://uncw.edu
Vance-Granville Community College,http://vgcc.edu
Wake Technical Community College,http://waketech.edu
Warren Wilson College,http://warren-wilson.edu
Western Carolina University,http://wcu.edu
Wake Forest University,http://wfu.edu
Western Piedmont Community College,http://wpcc.edu
Winston-Salem State University,http://wssu.edu
Dakota College at Bottineau,http://dakotacollege.edu
Mayville State University,http://mayvillestate.edu
Minot State University,http://minotstateu.edu
North Dakota State University,http://ndsu.edu
North Dakota University System,http://ndus.edu
Turtle Mountain Community College,http://tm.edu
University of North Dakota,http://und.edu
United Tribes Technical College,http://utcc.edu
Valley City State University,http://vcsu.edu
Williston State College,http://willistonstate.edu
Bellevue University,http://bellevue.edu
Bryan College of Health Sciences,http://bryanhealth.com
Creighton University,http://creighton.edu
Chadron State College,http://csc.edu
Concordia University Nebraska,http://cune.edu
Joseph's College,http://josephscollege.edu
Little Priest Tribal College,http://littlepriest.edu
Mid-Plains Community College,http://mpcc.edu
University of Nebraska,http://nebraska.edu
Northeast Community College,http://northeast.edu
Union College,http://ucollege.edu
University of Nebraska at Kearney,http://unk.edu
University of Nebraska at Lincoln,http://unl.edu
University of Nebraska Medical Center,http://unmc.edu
University of Nebraska Omaha,http://unomaha.edu
Wayne State College,http://wsc.edu
Saint Anselm College,http://anselm.edu
Antioch University New England,http://antiochne.edu
Community College System of New Hampshire,http://ccsnh.edu
Colby Sawyer College,http://colby-sawyer.edu
Dartmouth College,http://dartmouth.edu
Phillips Exeter Academy,http://exeter.edu
Granite State College,http://granite.edu
Keene State College,http://keene.edu
Manchester Community College,http://mccnh.edu
Mount Washington College,http://mountwashington.edu
Nashua Community College,http://nashuacc.edu
New England College,http://nec.edu
NHTI Concord's Community College,http://nhti.edu
Plymouth State University,http://plymouth.edu
Rivier University,http://rivier.edu
Southern New Hampshire University,http://snhu.edu
University of New Hampshire,http://unh.edu
White Mountains Community College,http://wmcc.edu
Atlantic Cape Community College,http://atlantic.edu
Burlington County College,http://bcc.edu
Bergen Community College,http://bergen.edu
Brookdale Community College,http://brookdalecc.edu
Centenary College of New Jersey,http://centenarycollege.edu
Drew University,http://drew.edu
Eastwick College,http://eastwickcollege.edu
Fairleigh Dickinson University,http://fdu.edu
Felician College,http://felician.edu
Fortis Institute,http://fortis.edu
Georgian Court University,http://georgian.edu
Kean University,http://kean.edu
Mercer County Community College,http://mccc.edu
Middlesex County College,http://middlesexcc.edu
Monmouth University,http://monmouth.edu
Montclair State University,http://montclair.edu
New Jersey City University,http://njcu.edu
New Jersey Institute of Technology,http://njit.edu
Ocean County College,http://ocean.edu
Princeton University,http://princeton.edu
Princeton Theological Seminary,http://ptsem.edu
Ramapo College of New Jersey,http://ramapo.edu
Raritan Valley Community College,http://raritanval.edu
Rider University,http://rider.edu
Rowan University,http://rowan.edu
Rutgers University,http://rutgers.edu
Seton Hall University,http://shu.edu
Stenotech Career Institute,http://stenotech.edu
Stevens Institute of Technology,http://stevens.edu
Stockton College,http://stockton.edu
Sussex County Community College,http://sussex.edu
The College of New Jersey,http://tcnj.edu
Thomas Edison State College,http://tesc.edu
William Paterson University,http://wpunj.edu
County College of Morris,http://ccm.edu
Camden County College,http://camdencc.edu
Passaic County Community College,http://pccc.edu
Ross University,http://rossu.edu
Central New Mexico,http://cnm.edu
Eastern New Mexico University,http://enmu.edu
New Mexico Highlands University,http://nmhu.edu
New Mexico State University,http://nmsu.edu
New Mexico State University Alamogordo,http://nmsua.edu
New Mexico Institute of Mining and Technology,http://nmt.edu
Northern New Mexico College,http://nnmc.edu
San Juan College,http://sanjuancollege.edu
Southwestern College,http://swc.edu
Univeristy of New Mexico,http://unm.edu
University of the Southwest,http://usw.edu
College of Southern Nevada,http://csn.edu
Great Basin College,http://gbcnv.edu
Pima Medical Institute,http://pmi.edu
Sierra Nevada College,http://sierranevada.edu
Truckee Meadows Community College,http://tmcc.edu
University of Nevada Las Vegas,http://unlv.edu
University of Nevada Reno,http://unr.edu
Western Nevada College,http://wnc.edu
Adelphi University,http://adelphi.edu
University at Albany,http://albany.edu
Alfred University,http://alfred.edu
The American Musical and Dramatic Academy,http://amda.edu
ASA College,http://asa.edu
Bard College,http://bard.edu
Barnard College,http://barnard.edu
Binghamton University,http://binghamton.edu
The College at Brockport,http://brockport.edu
University at Buffalo,http://buffalo.edu
Buffalo State University,http://buffalostate.edu
Cazenovia College,http://cazenovia.edu
Clarkson University,http://clarkson.edu
Clinton Community College,http://clinton.edu
The College of New Rochelle,http://cnr.edu
Cobleskill University,http://cobleskill.edu
Colgate University,http://colgate.edu
Columbia University in the City of New York,http://columbia.edu
Concordia College New York,http://concordia-ny.edu
The Cooper Union,http://cooper.edu
Cornell University,http://cornell.edu
Cortland College,http://cortland.edu
The City University of New York,http://cuny.edu
The College of Westchester,http://cw.edu
Daemen College,http://daemen.edu
Dominican College,http://dc.edu
Delhi State University of New York,http://delhi.edu
Dowling College,http://dowling.edu
D'Youville College,http://dyc.edu
Erie Community College State University of New York,http://ecc.edu
Elim Bible Institute,http://elim.edu
Elmira College,http://elmira.edu
Empire State College,http://esc.edu
College of Environmental Science and Forestry,http://esf.edu
Farmingdale State College,http://farmingdale.edu
Fashion Institute of Technology,http://fitnyc.edu
Finger Lakes Community College,http://flcc.edu
Fordham University,http://fordham.edu
Fredonia University,http://fredonia.edu
Five Towns College,http://ftc.edu
Geneseo University,http://geneseo.edu
Globe Institute of Technology,http://globe.edu
The General Theological Seminary,http://gts.edu
Hamilton College,http://hamilton.edu
Hartwick College,http://hartwick.edu
Herkimer College,http://herkimer.edu
Hofstra University,http://hofstra.edu
Hudson Valley Community College,http://hvcc.edu
Hobart and William Smith Colleges,http://hws.edu
Institute of Design and Construction,http://idc.edu
Iona College,http://iona.edu
Ithaca College,http://ithaca.edu
The Jewish Theological Seminary,http://jtsa.edu
The Juilliard School,http://juilliard.edu
Keuka College,http://keuka.edu
Lehman College,http://lehman.edu
Le Moyne,http://lemoyne.edu
Lim College,http://limcollege.edu
Long Island University,http://liu.edu
Manhattan College,http://manhattan.edu
Marist College,http://marist.edu
Metropolitan College of New York,http://mcny.edu
Mercy College,http://mercy.edu
Marymount Manhattan College,http://mmm.edu
Monroe Community College,http://monroecc.edu
Morrisville State College,http://morrisville.edu
Mount Saint Marry College,http://msmc.edu
Icahn School of Medicine at Mount Sinai,http://mssm.edu
Manhattanville College,http://mville.edu
Nazareth College,http://naz.edu
Nassau Community College,http://ncc.edu
New Paltz,http://newpaltz.edu
The New School,http://newschool.edu
Niagara University,http://niagara.edu
Nyack College,http://nyack.edu
New York College of Health Professions,http://nycollege.edu
New York Film Academy,http://nyfa.edu
New York Institute of Technology,http://nyit.edu
New York University,http://nyu.edu
State University of New York at Oneonta,http://oneonta.edu
State University of New York at Oswego,http://oswego.edu
Pace University,http://pace.edu
Paul Smith's College,http://paulsmiths.edu
State University of New York at Plattsburgh,http://plattsburgh.edu
State University of New York at Potsdam,http://potsdam.edu
Pratt Institute,http://pratt.edu
Purchase College,http://purchase.edu
Rochester Institute of Technology,http://rit.edu
Roberts Wesleyan College,http://roberts.edu
University of Rochester,http://rochester.edu
Rensselaer Polytechnic Institute,http://rpi.edu
The Sages Colleges,http://sage.edu
Saint Bonaventure University,http://sbu.edu
The New York Conservatory for Dramatic Arts,http://sft.edu
Siena College,http://siena.edu
Saint John Fisher College,http://sjfc.edu
Skidmore College,http://skidmore.edu
Sarah Lawrence College,http://slc.edu
Saint Bernard's School of Theology and Ministry,http://stbernards.edu
Saint John's University,http://stjohns.edu
Saint Lawrence University,http://stlawu.edu
Stony Brook University,http://stonybrook.edu
Stony Brook Medicine,http://stonybrookmedicine.edu
The College of Saint Rose,http://strose.edu
State University of New York,http://suny.edu
State University of New York at Adirondack,http://sunyacc.edu
State University of New Institute of Technology,http://sunyit.edu
Jamestown Community College,http://sunyjcc.edu
Orange County Community College,http://sunyorange.edu
Rockland Community College,http://sunyrockland.edu
Suffolk County Community College,http://sunysuffolk.edu
Westchester Community College,http://sunywcc.edu
Syracuse University,http://syr.edu
Tompkins Cortland Community College,http://tc3.edu
The Touro College and University System,http://touro.edu
Touro College Jacob D. Fuchsberg Law Center,http://tourolaw.edu
Union College,http://union.edu
Upstate Medical University,http://upstate.edu
United States Military Academy West Point,http://usma.edu
Utica College,http://utica.edu
Vassar College,http://vassar.edu
Wagner College,http://wagner.edu
Wells College,http://wells.edu
Yeshiva University,http://yu.edu
Canton State University of New York,http://canton.edu
Excelsior College,http://excelsior.edu
Culinary Institute of America,http://ciachef.edu
Ashland University,http://ashland.edu
Aultman College of Nursing and Health Sciences,http://aultmancollege.edu
Belmont College,http://belmontcollege.edu
Bowling Green State University,http://bgsu.edu
Baldwin Wallace University,http://bw.edu
Capital University,http://capital.edu
Case Western Reserve University,http://case.edu
Cincinnati College of Mortuary Science,http://ccms.edu
Cedarville University,http://cedarville.edu
Central State University,http://centralstate.edu
Cincinnati State Technical and Community College,http://cincinnatistate.edu
Central Ohio Technical College,http://cotc.edu
Columbus State Community College,http://cscc.edu
Cleveland State University,http://csuohio.edu
Western Reserve University,http://cwru.edu
Defiance College,http://defiance.edu
Denison University,http://denison.edu
The University of Findlay,http://findlay.edu
Franklin University,http://franklin.edu
Heidelberg University,http://heidelberg.edu
Hiram College,http://hiram.edu
Hocking College,http://hocking.edu
John Carroll University,http://jcu.edu
Kettering College,http://kc.edu
Kent State University,http://kent.edu
Kenyon College,http://kenyon.edu
Lakeland Community College,http://lakelandcc.edu
Lima Central Catholic High School,http://lcchs.edu
Lorain County Community College,http://lorainccc.edu
Malone University,http://malone.edu
Marietta College,http://marietta.edu
Miami University,http://miamioh.edu
University of Mount Union,http://mountunion.edu
Mount Saint Joseph University,http://msj.edu
Muskingum University,http://muskingum.edu
Mount Vernon Nazarene University,http://mvnu.edu
North Central State College,http://ncstatecollege.edu
Oberlin College and Conservatory,http://oberlin.edu
Ohio University,http://ohio.edu
Ohio Dominican University,http://ohiodominican.edu
Ohio State University,http://osu.edu
Ohio Northern University,http://onu.edu
Otterbein University,http://otterbein.edu
Owens Community College,http://owens.edu
Ohio Wesleyan University,http://owu.edu
University of Rio Grande,http://rio.edu
Shawnee State University,http://shawnee.edu
Sinclair Community College,http://sinclair.edu
Tiffin University,http://tiffin.edu
Cuyahoga Community College,http://tri-c.edu
The University of Akron,http://uakron.edu
University of Cincinnati,http://uc.edu
University of Cincinnati Blue Ash,http://ucblueash.edu
University of Cincinnati Clermont,http://ucclermont.edu
University of Dayton,http://udayton.edu
Urbana University,http://urbana.edu
Ursuline College,http://ursuline.edu
University of Toledo,http://utoledo.edu
Walsh University,http://walsh.edu
Wilmington College,http://wilmington.edu
Wittenberg University,http://wittenberg.edu
The College of Wooster,http://wooster.edu
Wright State University,http://wright.edu
Xavier University,http://xavier.edu
Youngstown State University,http://ysu.edu
Ohio State University,http://osu.edu
Cameron University,http://cameron.edu
Connors State College,http://connorsstate.edu
East Central University,http://ecok.edu
Langston University,http://langston.edu
Mid-America Christian University,http://macu.edu
Meridian Technology Center,http://meridiantech.edu
Northeastern State University,http://nsuok.edu
Northwestern Oklahoma State University,http://nwosu.edu
Oklahoma Christian University,http://oc.edu
Oklahoma City Community College,http://occc.edu
Oklahoma City University,http://okcu.edu
Oklahoma State University,http://okstate.edu
Oral Roberts University,http://oru.edu
Oklahoma State University Institue of Technology,http://osuit.edu
Oklahoma State University,http://osuokc.edu
The University of Oklahoma,http://ou.edu
The University of Oklahoma Health Sciences Center,http://ouhsc.edu
Rose State College,http://rose.edu
Rogers State University,http://rsu.edu
Southeastern Oklahoma State University,http://se.edu
Southwestern Christian University,http://swcu.edu
Southwestern Oklahoma State Univeristy,http://swosu.edu
Tulsa Community College,http://tulsacc.edu
University of Central Oklahoma,http://uco.edu
University of Science and Arts of Oklahoma,http://usao.edu
University of Tulsa,http://utulsa.edu
Western Oklahoma State College,http://wosc.edu
Blue Mountain Community College,http://bluecc.edu
Clatsop Community College,http://clatsopcc.edu
Central Oregon Community College,http://cocc.edu
Columbia School of English,http://cs.edu
Concordia University Portland Oregon,http://cu-portland.edu
Eastern Oregon University,http://eou.edu
George Fox University,http://georgefox.edu
Lane Community College,http://lanecc.edu
Lewis and Clark,http://lclark.edu
Linfield College,http://linfield.edu
Linn-Benton Community College,http://linnbenton.edu
Marylhurst University,http://marylhurst.edu
National College of Natural Medicine,http://ncnm.edu
Oregon Health and Science University,http://ohsu.edu
Oregon State University,http://oregonstate.edu
Pacific University Oregon,http://pacificu.edu
Portland Community College,http://pcc.edu
Portland State University,http://pdx.edu
Reed College,http://reed.edu
Rogue Community College,http://roguecc.edu
Southwestern Oregon Community College,http://socc.edu
Southern Oregon University,http://sou.edu
University of Oregon,http://uoregon.edu
University of Portland,http://up.edu
Warner Pacific College,http://warnerpacific.edu
Willamette University,http://willamette.edu
Western Oregon University,http://wou.edu
Allegheny College,http://allegheny.edu
Alvernia University,http://alvernia.edu
Arcadia University,http://arcadia.edu
Baptist Bible College & Seminary,http://bbc.edu
Butler County Community College,http://bc3.edu
Bloomsburg University,http://bloomu.edu
Bryn Mawr College,http://brynmawr.edu
Bucknell University,http://bucknell.edu
Bucks County Community College,http://bucks.edu
California University of Pennsylvania,http://calu.edu
Carlow University,http://carlow.edu
Community College of Allegheny County,http://ccac.edu
Community College of Philadelphia,http://ccp.edu
Cedar Crest College,http://cedarcrest.edu
Chatham University,http://chatham.edu
Chestnut Hill College,http://chc.edu
Clarion University,http://clarion.edu
Carnegie Mellon University,http://cmu.edu
Delaware County Community College,http://dccc.edu
Delaware Valley College,http://delval.edu
Dickinson College,http://dickinson.edu
Drexel University,http://drexel.edu
Drexel University College of Medicine,http://drexelmed.edu
Duquesne University,http://duq.edu
Eastern University,http://eastern.edu
Edinboro University,http://edinboro.edu
Elizabethtown College,http://etown.edu
Evangelical Seminary,http://evangelical.edu
Franklin & Marshall College,http://fandm.edu
Saint Francis University,http://francis.edu
Grove City College,http://gcc.edu
Geneva College,http://geneva.edu
Gettysburg College,http://gettysburg.edu
Harrisburg Area Community College,http://hacc.edu
Haverford College,http://haverford.edu
Holy Family University,http://holyfamily.edu
Indiana University of Pennsylvania,http://iup.edu
Thomas Jefferson University,http://jefferson.edu
Juniata College,http://juniata.edu
Keystone College,http://keystone.edu
King's College,http://kings.edu
Kutztown University,http://kutztown.edu
Lackawanna College,http://lackawanna.edu
Lafayette College,http://lafayette.edu
Lancaster County Career and Technology Center,http://lancasterctc.edu
Lancaster Theological Seminary,http://lancasterseminary.edu
La Roche College,http://laroche.edu
La Salle University,http://lasalle.edu
Lehigh Carbon Community College,http://lccc.edu
Lake Erie College of Osteopathic Medicine,http://lecom.edu
Lehigh University,http://lehigh.edu
Lock Haven University,http://lhup.edu
The Lincoln University,http://lincoln.edu
Lansdale School of Business,http://lsb.edu
Lebanon Valley College,http://lvc.edu
Lycoming College,http://lycoming.edu
Manor College,http://manor.edu
Mansfield University,http://mansfield.edu
Marywood University,http://marywood.edu
Montgomery County Community College,http://mc3.edu
Mercyhurst University,http://mercyhurst.edu
Messiah College,http://messiah.edu
Millersville University,http://millersville.edu
Misericordia University,http://misericordia.edu
Moravian College,http://moravian.edu
Mount Aloysius College,http://mtaloy.edu
Muhlenberg College,http://muhlenberg.edu
Neumann University,http://neumann.edu
Northampton Community College,http://northampton.edu
Pennsylvania Gunsmith School,http://pagunsmith.edu
Philadelphia College of Osteopathic Medicine,http://pcom.edu
Pennsylvania College of Technology,http://pct.edu
Philadelphia University,http://philau.edu
University of Pittsburgh,http://pitt.edu
Penn State University,http://psu.edu
Reading Area Community College,http://racc.edu
Robert Morris University,http://rmu.edu
Saint Vincent Seminary,http://saintvincentseminary.edu
Salus University,http://salus.edu
The University of Scranton,http://scranton.edu
Shippensburg University,http://ship.edu
Saint Joseph's University,http://sju.edu
Slippery Rock University,http://sru.edu
Saint Vincent College,http://stvincent.edu
Susquehanna University,http://susqu.edu
Swarthmore College,http://swarthmor.edu
Temple University,http://temple.edu
The American College of Financial Services,http://theamericancollege.edu
Thiel College,http://thiel.edu
University of the Arts,http://uarts.edu
University of Pennsylvania,http://upenn.edu
University of the Sciences in Philadelphia,http://usciences.edu
Valley Forge Christian College,http://vfcc.edu
Villanova University,http://villanova.edu
Washington and Jefferson College,http://washjeff.edu
Westmoreland County Community College,http://wccc.edu
West Chester University,http://wcupa.edu
Westminster College,http://westminster.edu
Widener University,http://widener.edu
Wilkes University,http://wilkes.edu
Wilson College,http://wilson.edu
York College of Pennsylvania,http://ycp.edu
Pennsylvania Academy of the Fine Arts,http://pafa.edu
East Stroudsburg University,http://esu.edu
Ursinus College,http://ursinus.edu
DeSales University,http://desales.edu
Lancaster Bible College,http://lbc.edu
Cheyney University of Pennsylvania,http://cheyney.edu
Brown University,http://brown.edu
Bryant University,http://bryant.edu
Community College of Rhode Island,http://ccri.edu
Johnson and Wales University,http://jwu.edu
New England Institute of Technology,http://neit.edu
Providence College,http://providence.edu
The University of Rhode Island,http://uri.edu
Rhode Island College,http://ric.edu
Rhose Island School of Design,http://risd.edu
Roger Williams University,http://rwu.edu
University of Rhode Island,http://uri.edu
Centura College,http://centura.edu
The Citadel Military College of South Carolina,http://citadel.edu
Columbia International University,http://ciu.edu
Clemson University,http://clemson.edu
Coastal Carolina University,http://coastal.edu
College of Charleston,http://cofc.edu
Coker College,http://coker.edu
Columbia College South Carolina,http://columbiasc.edu
Florence-Darlington Technical College,http://fdtc.edu
Francis Marion University,http://fmarion.edu
Forrest College,http://forrestcollege.edu
Furman University,http://furman.edu
Lander University,http://lander.edu
Limestone College,http://limestone.edu
Midlands Technical College,http://midlandstech.edu
Medical University of South Carolina,http://musc.edu
Newberry College,http://newberry.edu
North Greenville University,http://ngu.edu
Orangeburg-Calhoun Technical College,http://octech.edu
Presbyterian College,http://presby.edu
University of South Carolina,http://sc.edu
South Carolina State University,http://scsu.edu
Sinte Gleska University,http://sintegleska.edu
Spartanburg Methodist College,http://smcsc.edu
TriCounty Technical College,http://tctc.edu
University of South Carolina Aiken,http://usca.edu
University of South Carolina Beaufort,http://uscb.edu
University of South Carolina Upstate,http://uscupstate.edu
Winthrop University,http://winthrop.edu
Wofford College,http://wofford.edu
York Technical College,http://yorktech.edu
Bob Jones University,http://bju.edu
Anderson University,http://andersonuniversity.edu
Black Hills State University,http://bhsu.edu
Dakota State University,http://dsu.edu
Dakota Wesleyan University,http://dwu.edu
Mount Marty College,http://mtmc.edu
Northern State University,http://northern.edu
South Dakota School of Mines and Technology,http://sdsmt.edu
South Dakota State University,http://sdstate.edu
University of South Dakota,http://usd.edu
University of Sioux Falls,http://usioxfalls.edu
Western Dakota Technical Institute,http://wdt.edu
Austin Peay State University,http://apsu.edu
Belmont University,http://belmont.edu
Bryan College,http://bryan.edu
Christian Brothers University,http://cbu.edu
Carson-Newman University,http://cn.edu
Columbia State Community College,http://columbiastate.edu
Cumberland University,http://cumberland.edu
DeVry University,http://devry.edu
East Tennessee State University,http://etsu.edu
Freed-Hardeman University,http://fhu.edu
Fisk University,http://fisk.edu
Huntington College of Health Sciences,http://hchs.edu
Hiwassee College,http://hiwassee.edu
Johnson University,http://johnsonu.edu
Jackson State Community College,http://jscc.edu
Lee University,http://leeuniversity.edu
Lincoln Memorial University,http://lmunet.edu
The LeMoyne-Owen College,http://loc.edu
The University of Memphis,http://memphis.edu
Milligan College,http://milligan.edu
Middle Tennessee State University,http://mtsu.edu
Nashville State Community College,http://nscc.edu
Pellissippi State Community College,http://pstcc.edu
Rhodes College,http://rhodes.edu
Roane State Community College,http://roanestate.edu
Southern College of Optometry,http://sco.edu
Sewanee The University of the South,http://sewanee.edu
Southern Adventist University,http://southern.edu
The University of Tennessee,http://tennessee.edu
Southwest Tennessee Community College,http://tn.edu
Tennessee State University,http://tnstate.edu
Tennessee Technological University,http://tntech.edu
Tennessee Wesleyan College,http://twcnet.edu
University of Tennessee Chattanooga,http://utc.edu
University of Tennessee Health Science Center,http://uthsc.edu
University of Tennessee Knoxville,http://utk.edu
University of Tennessee Martin,http://utm.edu
University of Tennessee Space Institute,http://utsi.edu
Union University,http://uu.edu
Vanderbilt University,http://vanderbilt.edu
Volunteer State Community College,http://volstate.edu
King University,http://king.edu
Abilene Christian University,http://acu.edu
Alamo Colleges,http://alamo.edu
Alvin Community College,http://alvincollege.edu
Angelo State University,http://angelo.edu
Austin Community College District,http://austincc.edu
Austin College,http://austincollege.edu
Austin Graduate School of Theology,http://austingrad.edu
Baylor University,http://baylor.edu
Blinn College,http://blinn.edu
Brazosport College,http://brazosport.edu
Brookhaven College,http://brookhavencollege.edu
Baptist Health System School of Health Professions,http://bshp.edu
Career Point College,http://careerpointcollege.edu
Cedar Valley College,http://cedarvalleycollege.edu
Coastal Bend College,http://coastalbend.edu
College of the Mainland,http://com.edu
Concordia University Texas,http://concordia.edu
Central Texas College,http://ctcd.edu
Culinary Institute LeNotre,http://culinaryinstitute.edu
Dallas Baptist University,http://dbu.edu
Del Mar College,http://delmar.edu
Dallas Nursing Institute,http://dni.edu
El Paso Community College,http://epcc.edu
East Texas Baptist University,http://etbu.edu
Galen College of Nursing,http://galencollege.edu
Galveston College,http://gc.edu
Grayson College,http://grayson.edu
Houston Baptist University,http://hbu.edu
Houston Community College,http://hccs.edu
Hill College,http://hillcollege.edu
Howard College,http://howardcollege.edu
Howard Payne University,http://hputx.edu
Lamar University,http://lamar.edu
Lamar State College - Port Arthur,http://lamarpa.edu
Lubbock Christian University,http://lcu.edu
LeTourneau University,http://letu.edu
Lamar Institute of Technology,http://lit.edu
Lone Star College System,http://lonestar.edu
Lamar State College - Orange,http://lsco.edu
McLennan Community College,http://mclennan.edu
McMurry University,http://mcm.edu
Midland College,http://midland.edu
Midwestern State University,http://mwsu.edu
National American University,http://national.edu
North Central Texas College,http://nctc.edu
North American University,http://northamerican.edu
North Lake College,http://northlakecollege.edu
Odessa College,http://odessa.edu
Ogle School,http://ogleschool.edu
Our Lady of the Lake University,http://ollusa.edu
Panola College,http://panola.edu
Patty Hands Shelton School of Nursing,http://phssn.edu
Prairie View A&M University,http://pvamu.edu
Rice University,http://rice.edu
Richland College,http://richlandcollege.edu
San Jacinto College,http://sanjac.edu
Schreiner University,http://schreiner.edu
Stephen F. Austin State University,http://sfasu.edu
Sam Houston State University,http://shsu.edu
Southern Methodist University,http://smu.edu
South Plains College,http://southplainscollege.edu
South Texas College,http://southtexascollege.htp
Southwestern University,http://southwestern.edu
Seminary of the Southwest,http://ssw.edu
South Texas College of Law,http://stcl.edu
Saint Edward's University,http://stedwards.edu
Saint Mary's University,http://stmarytx.edu
University of Saint Thomas,http://stthom.edu
Texas A&M Health Science Center,http://tamhsc.edu
Texas A&M International University,http://tamiu.edu
Texas A&M University,http://tamu.edu
Texas A&M University Commerce,http://tamuc.edu
Texas A&M University Corpus Christi,http://tamucc.edu
Texas A&M University Kingsville,http://tamuk.edu
Texas A&M University Texarkana,http://tamut.edu
Tarleton State University,http://tarleton.edu
Texas Christian University,http://tcu.edu
Temple College,http://templejc.edu
Tyler Junior College,http://tjc.edu
Trinity University,http://trinity.edu
Texas State Technical College,http://tstc.edu
Texas Southern University,http://tsu.edu
Texas Tech University,http://ttu.edu
Texas Tech University Health Sciences Center,http://ttuhsc.edu
Texas Woman's University,http://twu.edu
Texas Chiropractic College,http://txchiro.edu
Texas State University,http://txstate.edu
University of Dallas,http://udallas.edu
Universty of Houston,http://uh.edu
University of Houston Clear Lake,http://uhcl.edu
University of Houston Downtown,http://uhd.edu
University of the Incarnate Word,http://uiw.edu
University of Mary Hardin-Baylor,http://umhb.edu
University of North Texas,http://unt.edu
University of North Texas Health Science Center,http://unthsc.edu
University of Texas Arlington,http://uta.edu
University of Texas Brownsville,http://utb.edu
University of Texas Dallas,http://utdallas.edu
University of Texas at El Paso,http://utep.edu
University of Texas at Austin,http://utexas.edu
University of Texas Health Science Center Houston,http://uth.edu
University of Texas Health Science Center San Antonio,http://uthscsa.edu
University of Texas Medical Branch at Galveston,http://utmb.edu
University of Texas Pan American,http://utpa.edu
University of Texas of the Permian Basin,http://utpb.edu
University of Texas at San Antonio,http://utsa.edu
University of Texas Southwestern Medical Center,http://utsouthwestern.edu
University of Texas at Tyler,http://uttyler.edu
Valley Grande Institute,http://vgi.edu
Victoria College,http://victoriacollege.edu
Wayland Baptist University,http://wbu.edu
Weatherford College,http://wc.edu
West Texas A&M University,http://wtamu.edu
University of the Virgin Islands,http://uvi.edu
Brigham Young University,http://byu.edu
Dixie State University,http://dixie.edu
Salt Lake Community College,http://slcc.edu
Snow College,http://snow.edu
Southern Utah University,http://suu.edu
Utah State University,http://usu.edu
University of Utah,http://utah.edu
Utah Valley University,http://uvu.edu
Weber State University,http://weber.edu
Western Governors University,https://www.wgu.edu/
Averett University,http://averett.edu
Christendom College,http://christendom.edu
Christopher Newport University,http://cnu.edu
Dabney S. Lancaster Community College,http://dslcc.edu
Eastern Mennonite University,http://emu.edu
Eastern Virginia Medical School,http://evms.edu
Ferrum College,http://ferrum.edu
Germanna Community College,http://germanna.edu
George Mason University,http://gmu.edu
Hampden-Sydney College,http://hsc.edu
The Institute for the Psychological Sciences,http://ipsciences.edu
James Madison University,http://jmu.edu
Liberty University,http://liberty.edu
Longwood University,http://longwood.edu
Marymount University,http://marymount.edu
New River Community College,http://nr.edu
Norfolk State University,http://nsu.edu
Northern Virginia Community College,http://nvcc.edu
Old Dominion University,http://odu.edu
Radford University,http://radford.edu
Randolph College,http://randolphcollege.edu
Rappahannock Community College,http://rappahannock.edu
Regent University,http://regent.edu
Reynolds Community College,http://reynolds.edu
University of Richmond,http://richmond.edu
Randolph-Macon College,http://rmc.edu
Roanoke College,http://roanoke.edu
Sentara College of Health Sciences,http://sentara.edu
Stratford University,http://stratford.edu
Shenandoah University,http://su.edu
Southern Virgina University,http://svu.edu
Southwest Virgina Community College,http://sw.edu
Tidewater Community College,http://tcc.edu
Thomas Nelson Community College,http://tncc.edu
University of Mary Washington,http://umw.edu
University of Virginia's College at Wise,http://uvawise.edu
Virginia's Community Colleges,http://vccs.edu
Virginia Commonwealth University,http://vcu.edu
Virgina Highlands Community College,http://vhcc.edu
Virginia Institute of Marine Science,http://vims.edu
University of Virginia,http://virginia.edu
Virginia Western Community College,http://virginiawestern.edu
Virginia International University,http://viu.edu
Virginia State University,http://vsu.edu
Virginia Polytechnic Institute and State University,http://vt.edu
Virginia Union University,http://vuu.edu
Virginia Wesleyan College,http://vwc.edu
Washington and Lee University,http://wlu.edu
The College of William and Mary,http://wm.edu
Castleton State College of Vermont,http://castleton.edu
Champlain College,http://champlain.edu
Green Mountain College,http://greenmtn.edu
Johnson State College,http://jsc.edu
Middlebury College,http://middlebury.edu
New England Culinary Institute,http://neci.edu
Norwich University,http://norwich.edu
School for International Training,http://sit.edu
Saint Michael's College,http://smcvt.edu
University of Vermont,http://uvm.edu
University of Vermont,http://uvm.edu
Vermont Law School,http://vermontlaw.edu
Vermont Technical College,http://vtc.edu
Bennington College,http://bennington.edu
Bellevue College,http://bellevuecollege.edu
Big Bend Community College,http://bigbend.edu
Cascadia Community College,http://cascadia.edu
Centralia College,http://centralia.edu
Charter College,http://chartercollege.edu
Clark College,http://clark.edu
Central Washington University,http://cwu.edu
DigiPen Institute of Technology,http://digipen.edu
Edmonds Community College,http://edcc.edu
Everett Community College,http://everettcc.edu
The Evergreen State College,http://evergreen.edu
Eastern Washington University,http://ewu.edu
Faith Evangelical College and Seminary,http://faithseminary.edu
Gonzaga University,http://gonzaga.edu
Green River Community College,http://greenriver.edu
Highline College,http://highline.edu
Mukogawa Fort Wright Institute,http://mfwi.edu
North Seattle College,http://northseattle.edu
Olympic College,http://olympic.edu
Peninsula College,http://pencol.edu
Perry Technical Institute,http://perrytech.edu
Pacific Lutheran University,http://plu.edu
Renton Technical College,http://rtc.edu
Seattle Central College,http://seattlecentral.edu
Seattle University,http://seattleu.edu
Shoreline Community College,http://shoreline.edu
Seattle Institute of Oriental Medicine,http://siom.edu
Skagit Valley College,http://skagit.edu
South Seattle College,http://southseattle.edu
Spokane Falls Community College,http://spokanefalls.edu
Seattle Pacific University,http://spu.edu
Saint Martin's University,http://stmartin.edu
University of Puget Sound,http://pugetsound.edu
University of Washington,http://uw.edu
University of Washington Bothell,http://uwb.edu
Walla Walla University,http://wallawalla.edu
Whitman College,http://whitman.edu
Whitworth University,http://whitworth.edu
Washington State University,http://wsu.edu
Wenatchee Valley College,http://wvc.edu
Walla Walla Community College,http://wwcc.edu
Western Washington University,http://wwu.edu
Yakima Valley Community College,http://yvcc.edu
University of Washington,http://washington.edu
Alverno College,http://alverno.edu
Carroll University,http://carrollu.edu
Carthage College,http://carthage.edu
Chippewa Valley Technical College,http://cvtc.edu
Edgewood College,http://edgewood.edu
Gateway Technical College,http://gtc.edu
The Institute of Beauty and Wellness,http://ibw.edu
Lawrence University,http://lawrence.edu
Madison Area Technical College,http://madisoncollege.edu
Marquette University,http://marquette.edu
Milwaukee Area Technical College,http://matc.edu
Medical College of Wisconsin,http://mcw.edu
Milwaukee Institute of Art and Design,http://miad.edu
Moraine Park Technical College,http://morainepark.edu
Milwaukee School of Engineering,http://msoe.edu
Northland College,http://northland.edu
Northcentral Technical College,http://ntc.edu
Northeast Wisconsin Technical College,http://nwtc.edu
Silver Lake College of the Holy Family,http://sl.edu
Saint Norbert College,http://snc.edu
Cardinal Stritch University,http://stritch.edu
University of Wisconsin Colleges,http://uwc.edu
University of Wisconsin Eau Claire,http://uwec.edu
University of Wisconsin Extension,http://uwex.edu
University of Wisconsin Green Bay,http://uwgb.edu
University of Wisconsin La Crosse,http://uwlax.edu
University of Wisconsin Milwaukee,http://uwm.edu
University of Wisconsin Oshkosh,http://uwosh.edu
University of Wisconsin Platteville,http://uwplatt.edu
University of Wisconsin River Falls,http://uwrf.edu
University of Wisconsin Stevens Point,http://uwsp.edu
University of Wisconsin Superior,http://uwsuper.edu
University of Wisconsin Whitewater,http://uww.edu
Viterbo University,http://viterbo.edu
Waukesha County Technical College,http://wctc.edu
"University of Wisconsin, Madison",http://wisc.edu
Wisconsin Indianhead Technical College,http://witc.edu
Wisconsin Lutheran College,http://wlc.edu
Wisconsin Technical College System,http://wtcsystem.edu
Western Technical College,http://westerntc.edu
American Public University System,http://apus.edu
Concord University,http://concord.edu
Eastern West Virgina Community and Technical College,http://easternwv.edu
Fairmont State University,http://fairmontstate.edu
Marshall University,http://marshall.edu
Ohio Valley University,http://ovu.edu
Pierpont Community and Technical College,http://pierpont.edu
Shepherd University,http://shepherd.edu
University of Charleston,http://ucwv.edu
West Liberty University,http://westliberty.edu
Wheeling Jesuit University,http://wju.edu
West Virginia Northern Community College,http://wvncc.edu
West Virginia State University,http://wvstateu.edu
West Virginia University,http://wvu.edu
West Virginia Wesleyan College,http://wvwc.edu
Casper College,http://caspercollege.edu
Central Wyoming College,http://cwc.edu
National Outdoor Leadership School,http://nols.edu
Northwest College,http://northwestcollege.edu
Northern Wyoming Community College District,http://sheridan.edu
University of Wyoming,http://uwyo.edu